Stock,Close,EMA20,EMA50,EMA200,RSI14,ATR14,RVOL20,RS_ROC20,CompositeScore,TrendContinuation_Flag,VCP_Flag,SEPA_Flag,Breakout_Flag,MeanReversion_Flag
360ONE,1179.4,1149.405109117575,1129.901988389088,1083.4713554597802,58.195488721804516,33.49285714285713,0.3146909174794016,,2,1,0,1,0,0
3MINDIA,34575.0,34866.4956186145,33926.99157574503,31776.720831983173,54.891304347826086,796.0714285714286,0.537491490258372,,1,1,0,0,0,0
AARTIIND,376.4,372.5288817571482,377.20990401068815,412.876326070018,58.5194639438417,10.917857142857141,0.2742459131072649,,0,0,0,0,0,0
AAVAS,1480.3,1515.9915679307783,1568.890490310955,1680.573939407503,47.15061058344641,41.321428571428605,0.396940355469631,,0,0,0,0,0,0
ABB,5183.0,5177.0693546584835,5175.41392261778,5497.507038553876,50.698016164584864,93.28571428571429,0.40430506573664726,,0,0,0,0,0,0
ABBOTINDIA,28905.0,28511.346876788735,29148.334983254477,30143.38942655879,49.350649350649356,489.64285714285717,0.508102911253202,,0,0,0,0,0,0
ABCAPITAL,348.15,348.0256458195475,335.45229518345775,281.28555720349857,40.275229357798125,8.474999999999998,0.8050814646919411,,1,0,0,1,0,0
ABFRL,76.78,76.95571227462975,78.92327749272187,122.93376459360029,48.33597464342315,2.507857142857144,1.7485252764797072,,0,0,0,0,0,0
ABREL,1681.6,1717.1863850136417,1738.7058217615247,1904.3143792799724,41.21708003068269,48.69999999999998,0.18327664868967897,,0,0,0,0,0,0
ABSLBANETF,60.23,60.34366831731839,59.70964363544079,56.97465252941306,35.68627450980391,0.7678571428571423,0.5158609553678142,,0,0,0,0,0,0
ACC,1735.3,1782.0882600914879,1813.7329092881419,1899.3191441944807,26.99341623994141,25.657142857142862,1.6662522834603992,,0,0,0,0,0,0
ACE,951.2,960.5133931762259,995.3717839130593,1103.81703257464,48.021486123545216,28.307142857142853,0.44630618237766745,,0,0,0,0,0,0
ACI,528.7,519.9148652511096,559.473165519436,614.1000295834508,63.05797845048745,18.421428571428574,1.9063390464348458,,1,0,0,0,1,0
ADANIENSOL,1015.3,991.902975437705,970.3243167157864,907.6930940344757,60.12218828103302,24.10357142857145,0.834749374287584,,2,1,0,1,0,0
ADANIENT,2229.9,2265.6267520249676,2333.7893714865822,2442.0145246751536,44.416483170808434,46.7928571428572,0.487838961630854,,0,0,0,0,0,0
ADANIGREEN,1018.1,1023.3225623634537,1030.0256728265474,1058.6940004313894,50.13210039630118,23.599999999999984,0.44673922845188885,,0,0,0,0,0,0
ADANIPORTS,1487.1,1496.7101183383509,1478.3663498821675,1397.2135480627373,42.71717831482687,22.071428571428587,0.6013004990909389,,0,0,0,0,0,0
AEGISLOG,720.8,743.1257889679531,756.9139417287901,760.1767713228103,41.09589041095887,17.132142857142867,0.5310334731129138,,0,0,0,0,0,0
AETHER,846.65,851.4628790483962,829.2581463274469,804.8487843896705,49.81972428419936,30.22499999999999,0.5928585370848573,,1,1,0,0,0,0
AFFLE,1781.9,1713.3331167083427,1756.4440013853673,1778.3911589590498,74.85828609536512,54.3357142857143,0.4827889376729999,,0,0,0,0,0,0
AIAENG,3884.3,3806.5134179533025,3651.476248074906,3454.855456296497,55.399617242322066,134.98571428571435,0.6343797231403222,,2,1,0,1,0,0
AJANTPHARM,2681.6,2631.6227099627995,2582.374872734279,2595.672678438823,54.88327775131013,66.60714285714292,0.41883659823403774,,0,0,0,0,0,0
ALIVUS,907.2,899.9795075167187,908.6503054052321,961.2454474945199,57.32126131751483,24.521428571428576,0.2154927790134902,,0,0,0,0,0,0
ALKEM,5535.0,5609.780058352871,5588.898834137372,5369.699615623262,38.78691141260974,100.0,0.6343147418456403,,0,0,0,0,0,0
ALKYLAMINE,1581.2,1629.686995300169,1724.6975131856443,1892.4471217353773,36.93023255813951,38.02857142857139,1.2805295801743186,,0,0,0,0,0,0
ALLCARGO,10.69,12.53177308001578,18.07703221228857,30.287371729582794,10.069444444444372,0.5942857142857142,0.6840200875233765,,0,0,0,0,0,0
ALOKINDS,16.28,16.33429369255993,16.788354824806863,18.286637100253593,51.28205128205128,0.46642857142857125,0.6195810150881191,,0,0,0,0,0,0
ALPHAETF,24.97,25.21155593098796,25.28632235770481,25.01490889054115,37.90613718411548,0.5049999999999992,0.8809958389136823,,0,0,0,0,0,0
ALPL30IETF,27.92,27.878789253774823,27.775472853058776,27.518876466067123,44.52554744525552,0.26999999999999985,0.07219201800955058,,1,0,0,1,0,0
AMBER,6652.0,6783.238238005857,7133.964067893289,7065.729119495448,53.72451102788181,174.35714285714286,0.34257721879120245,,0,0,0,0,0,0
AMBUJACEM,554.65,544.8859454474201,551.4474981732869,560.9879867295218,64.36940041350798,10.714285714285698,0.9819933585415398,,0,0,0,0,0,0
ANANDRATHI,3033.5,2977.485338095912,2962.2605583856775,2607.2480342619306,70.86153846153842,65.84285714285723,0.8979578791894524,,1,0,0,1,0,0
ANGELONE,2495.8,2570.430111157994,2568.852842090252,2567.998420141665,37.5277825269277,74.42857142857149,0.6779050380902369,,0,0,0,0,0,0
ANURAS,1320.8,1286.2009148132927,1217.1828858428187,1071.2612937432496,65.51724137931029,35.88571428571428,0.8963336313218733,,0,0,0,0,0,0
APARINDS,8625.0,8834.483197750602,8803.503485999245,8392.968233356016,42.10374639769452,241.25,0.7111632576017571,,0,0,0,0,0,0
APLAPOLLO,1886.1,1793.2086396472907,1762.8802519812039,1690.3881084357197,72.88270377733596,35.6642857142857,0.777760678875283,,0,0,0,0,0,0
APLLTD,852.2,872.30170172091,895.2024317303941,934.2941676186765,25.336787564766837,19.357142857142858,0.31996096143555447,,0,0,0,0,0,0
APOLLOHOSP,7156.0,7140.040870256355,7317.254545234805,7280.524170408425,47.68486523842433,114.42857142857143,0.7222504820078369,,0,0,0,0,0,0
APOLLOTYRE,505.8,511.82057446426575,508.47134635997804,485.3892239391329,38.044308632543924,10.642857142857155,0.5083805077236452,,0,0,0,0,0,0
APTUS,280.9,285.0192107833446,293.00677603927477,312.0404188372474,48.726114649681506,5.864285714285712,0.5549050663604148,,0,0,0,0,0,0
ARE&M,920.4,935.1792915242769,954.5295130371705,1005.9670028546988,36.45161290322581,15.18928571428572,0.7857897568786243,,0,0,0,0,0,0
ASAHIINDIA,995.5,999.0115220482809,977.2347005432723,858.8867045289592,41.27071823204423,30.92142857142857,0.712313353503966,,0,0,0,0,0,0
ASHOKLEY,174.68,166.04747222883657,155.4367630344144,134.2904106068727,73.11036789297651,3.8992857142857167,0.3608303766396632,,0,0,0,0,0,0
ASIANPAINT,2746.5,2802.830088618863,2737.1489914165786,2572.8484741725824,21.34744450180696,50.042857142857166,0.5002707835799846,,1,0,0,0,0,1
ASTERDM,617.95,621.4474984637899,640.4940201715684,596.9336719647952,42.01210992081978,16.017857142857135,1.8622063142383842,,1,0,1,0,0,0
ASTRAL,1390.0,1425.2473011941563,1439.5762460023923,1477.3360470704179,36.61917597227569,29.92142857142856,0.4891164969688435,,0,0,0,0,0,0
ASTRAZEN,8879.0,9087.318857827257,9106.354367914702,8693.067498645525,31.9104633003644,175.75,4.851168013548588,,0,0,0,0,0,0
ATGL,569.8,584.0062883270556,599.8393879097548,636.3846882587089,34.54665784248847,12.832142857142864,2.064112461591112,,0,0,0,0,0,0
ATUL,6048.5,5928.157820677101,5961.9893252716265,6325.591830881874,58.047493403693935,160.07142857142858,0.34752346399558326,,0,0,0,0,0,0
AUBANK,974.95,966.2582265004394,918.0605613595095,789.43783167733,56.230870135548734,17.860714285714305,0.7390069134508458,,2,1,0,1,0,0
AUROPHARMA,1206.2,1201.8422422250455,1179.1918544692633,1159.8853204409425,46.6312056737589,24.450000000000028,0.4892183293720869,,2,1,0,1,0,0
AUTOBEES,284.49,283.7238284272199,280.4919969488468,261.39101463335385,44.23160644318679,4.7978571428571355,0.7598018436199487,,1,0,0,1,0,0
AUTOIETF,28.48,28.415296381910025,28.081905324669336,26.161407955345272,43.66812227074235,0.4314285714285714,0.639242409508262,,1,0,0,1,0,0
AVANTIFEED,836.05,823.7394685768459,785.7321280441774,736.4605481990509,54.90020851951145,27.610714285714298,0.7301669759083724,,1,1,0,0,0,0
AWL,236.95,247.02561582109996,255.4189013089352,267.87995363667125,26.093514328808396,4.90714285714286,0.7958451044985407,,0,0,0,0,0,0
AXISBANK,1228.2,1246.7148349605238,1234.8912475255918,1174.5696074853877,28.157683024939672,18.321428571428605,0.43704760782462765,,1,0,0,0,0,1
AXISBNKETF,606.42,607.5989509256542,601.22560185667,573.7842289652564,34.98956158663876,4.459285714285719,0.06114769520225776,,1,0,0,0,0,1
AXISBPSETF,13.11,13.064037866294768,13.032304791649208,12.793536088657904,53.12499999999989,0.33785714285714263,0.37739320065124554,,2,1,0,1,0,0
AXISCETF,125.86,125.93617438279422,126.28392492205063,122.44641922282305,44.327485380116975,3.3785714285714263,0.5447351887385169,,0,0,0,0,0,0
AXISGOLD,115.15,110.06552484788293,105.60035040018678,91.0885632593808,77.17872968980797,2.200714285714286,1.6916765301073478,,1,0,0,0,1,0
AXISHCETF,149.56,149.7375591504011,149.7361530694623,146.46243058925387,43.95248380129586,2.074999999999995,1.2891096210482844,,0,0,0,0,0,0
AXISTECETF,419.37,416.3863496313047,406.1143286074113,401.61724287076817,45.95469255663431,7.385714285714284,0.42900010716964954,,2,1,0,1,0,0
BAJAJ-AUTO,9064.5,9027.04701247431,8975.115345963852,8793.71026807368,48.103962505325946,143.67857142857142,0.34667436362492665,,2,1,0,1,0,0
BAJAJFINSV,2017.6,2050.629322290265,2056.2061035236934,1989.1033697585076,29.377940407736546,33.4642857142857,2.060164842533644,,0,0,0,0,0,0
BAJAJHLDNG,11155.0,11244.673860931025,11687.926280450929,12209.55006307725,49.010654490106546,215.21428571428572,0.17437035692219394,,0,0,0,0,0,0
BALAMINES,1123.3,1137.3344560900969,1220.6632425432508,1453.4598107932566,49.15746658919231,32.14285714285716,0.5157993012310268,,0,0,0,0,0,0
BALKRISIND,2293.4,2339.156670323655,2344.194109900445,2460.9821418027595,32.782475019215966,40.50714285714292,0.17701615370976057,,0,0,0,0,0,0
BALRAMCHIN,438.6,443.5444930911639,456.6928839962437,503.4502827213618,47.61904761904764,13.674999999999995,0.18507391048502173,,0,0,0,0,0,0
BANDHANBNK,144.88,147.86142751257992,152.2947019887244,162.61104238324324,56.29921259842517,4.174999999999999,0.5274980118337255,,0,0,0,0,0,0
BANKBARODA,288.2,288.405707921088,281.812014996936,258.7673614637206,44.10187667560319,5.324999999999997,0.4261033523608102,,0,0,0,0,0,0
BANKBEES,608.29,609.690161607638,603.3723876717537,575.8794762340673,35.30976814899272,5.437857142857159,0.39630844924592423,,0,0,0,0,0,0
BANKBETF,59.74,59.843398602630344,59.21715716814695,56.515702218766805,36.97183098591554,0.4978571428571423,0.3727133624135017,,0,0,0,0,0,0
BANKETF,599.43,599.8135151328142,593.4412862633806,566.2538466648296,38.46153846153836,4.183571428571424,0.45923554478790374,,0,0,0,0,0,0
BANKIETF,60.28,60.43755104853084,59.81131528125963,57.0806102921,34.586466165413626,1.0649999999999988,0.4385022075035546,,1,0,0,0,0,1
BANKINDIA,139.77,141.69544979750447,139.00759491738387,125.46193965109248,43.37301587301587,3.0842857142857167,0.39267885516935813,,0,0,0,0,0,0
BANKNIFTY1,609.4,610.8637489820092,604.6195601588965,576.9367472547066,36.024371667936016,5.365000000000009,2.438116450571967,,0,0,0,0,0,0
BATAINDIA,950.65,966.0536008400484,1019.1517501001358,1155.2656655240226,43.08149405772493,17.296428571428596,0.4568165893914834,,0,0,0,0,0,0
BAYERCROP,4550.7,4461.33057099903,4631.0101917062975,5129.723941891997,55.35026943802919,80.49285714285718,0.6948518616287658,,0,0,0,0,0,0
BBETF0432,1307.54,1308.7011100848035,1306.5724127233857,1280.0283358704821,38.79636638909906,5.114285714285708,0.23432582909707092,,0,0,0,0,0,0
BBNPNBETF,59.47,59.476729074642606,58.808628540552334,56.176584703555214,40.81632653061228,0.9050000000000006,0.7347789824854045,,0,0,0,0,0,0
BBTC,1836.9,1875.2266156398314,1886.7391533664713,1929.1183089247627,47.76756401838478,49.414285714285725,0.42569546249916723,,0,0,0,0,0,0
BDL,1477.9,1438.402719577634,1476.9313376054747,1498.869643567448,45.485386221294384,46.39285714285716,1.674944512953204,,0,0,0,0,0,0
BEL,398.45,397.9379356190699,402.5384245555487,376.2592851191235,42.24058769513316,7.84285714285714,1.2187284910393847,,0,0,0,0,0,0
BERGEPAINT,542.05,547.3711850527204,549.5319979339445,544.2017200367418,41.536369816451355,13.175000000000002,1.2991173702250085,,0,0,0,0,0,0
BFSI,28.37,28.43159584980974,28.288505310757746,27.154223207337147,36.90476190476197,0.5164285714285717,0.37124766052268515,,0,0,0,0,0,0
BHARATFORG,1443.8,1420.8975413446146,1375.1022124042127,1288.526091884784,60.488346281908946,29.84999999999999,0.795728819616931,,2,1,0,1,0,0
BHARTIARTL,2105.4,2102.7773157899182,2072.9444417928134,1921.5611314310747,49.34665641813988,32.62142857142856,0.27395047724610233,,2,1,0,1,0,0
BHEL,281.5,278.9736670933397,270.6094684516573,249.99385245682677,53.64431486880468,7.235714285714287,1.0433766831053113,,2,1,0,1,0,0
BIKAJI,749.4,733.9950745788965,730.9780664268851,733.2849683796868,67.5646551724138,15.950000000000014,0.4790264856094822,,0,0,0,0,0,0
BIOCON,395.45,393.16105671385867,386.7926741598321,366.4740743710478,52.616822429906556,7.985714285714274,0.549380148980485,,2,1,0,1,0,0
BIRLACORPN,1076.3,1083.7157111550814,1128.1950944917735,1212.5502696089552,48.34543987086359,32.12142857142855,1.0595030973928465,,0,0,0,0,0,0
BLS,320.2,321.2805222948847,325.2773526012828,353.153136371329,39.919678714859444,9.078571428571422,0.3258376895014059,,0,0,0,0,0,0
BLUEDART,5443.0,5501.5712689266375,5659.175926810404,6101.070560567135,39.849624060150376,99.85714285714286,0.7704519466678508,,0,0,0,0,0,0
BLUESTARCO,1763.9,1781.9010858775096,1807.5226640660603,1821.3953006976365,55.381247719810304,42.29285714285714,0.26632175117797746,,0,0,0,0,0,0
BORORENEW,547.35,556.5421264204942,581.4633655965466,571.3277791681998,48.055207026348825,16.97857142857144,0.4896646339462128,,0,0,0,0,0,0
BOSCHLTD,35855.0,36355.988332961715,36924.11093091048,35749.42595988201,35.06311360448808,586.7857142857143,0.9263190516773844,,0,0,0,0,0,0
BPCL,366.0,363.8594444527251,357.48890487740346,332.15072712527694,56.76959619952493,7.378571428571421,0.5725118250269354,,2,1,0,1,0,0
BRIGADE,880.05,883.8539275433702,911.2609862118162,992.2203951612308,48.8328313253012,21.47857142857144,0.3483889901994183,,0,0,0,0,0,0
BRITANNIA,6032.5,5983.183941345298,5937.144795384649,5719.114808232099,55.36384096024006,106.67857142857143,0.3067789396759975,,2,1,0,1,0,0
BSE,2649.0,2708.553284911952,2651.874080300988,2344.0308059195318,39.73175833640949,95.82857142857145,0.6788365569815082,,0,0,0,0,0,0
BSE500IETF,40.23,40.0781809288797,39.93596207762071,38.87856149119297,49.13043478260856,0.5614285714285708,0.7600882169183093,,2,1,0,1,0,0
BSLGOLDETF,121.42,115.60471254224618,111.11644812412293,95.93207253017592,75.29780564263325,2.4578571428571467,0.7119256457299606,,1,0,0,1,0,0
BSLNIFTY,30.32,30.240605507501265,30.024368535161276,29.01729625881732,46.405228758169955,0.925714285714286,0.690643778543726,,2,1,0,1,0,0
BSLSENETFG,85.29,85.09033428898047,84.4491811049194,81.78882184603198,45.52631578947382,2.025000000000001,3.0024714306837623,,3,1,1,1,0,0
BSOFT,448.75,428.70955510376734,407.19225242236985,421.1391983220617,61.220196353436194,12.21071428571428,0.34168913856638244,,0,0,0,0,0,0
CAMPUS,261.5,265.17303745643454,269.3383325959339,272.474362014785,35.900339750849355,6.810714285714288,0.4778094253819023,,0,0,0,0,0,0
CANBK,150.07,148.10238639595542,142.03822807818182,122.11874361229236,53.3426834969612,3.1428571428571366,0.5569815808506531,,2,1,0,1,0,0
CANFINHOME,925.35,916.0572073035827,884.2347488031012,810.3558519579409,60.207900207900245,22.80714285714287,1.888854116564765,,2,1,0,1,0,0
CAPLIPOINT,1915.8,1939.9981857878142,1966.1694326051215,2009.647606400954,42.83564118001203,48.77857142857143,2.6342779230064335,,0,0,0,0,0,0
CARBORUNIV,848.0,860.2434403857308,877.8277757364019,969.4150461134161,41.13590263691684,23.603571428571417,1.0690663114322452,,0,0,0,0,0,0
CASTROLIND,193.48,187.64614541353546,191.4287363061333,201.98535325361775,55.44267053701017,4.670000000000006,4.075714426557508,,0,0,0,0,0,0
CCL,943.2,975.2591726738817,958.7896908120558,858.3704664795016,48.60759493670888,32.17142857142856,0.7677758809993448,,1,1,0,0,0,0
CDSL,1482.7,1524.1135662957709,1551.2177531474033,1524.7281659996434,36.14851081191353,33.34285714285717,1.0222089713386646,,0,0,0,0,0,0
CEATLTD,3857.8,3855.8687147312708,3825.738196295148,3527.970034187928,46.45896437328719,107.82142857142854,0.5587852117773081,,2,1,0,1,0,0
CELLO,540.8,561.3226501125877,580.3829641707586,614.4214864848922,40.028422548555156,13.79285714285716,0.43272132342896724,,0,0,0,0,0,0
CENTRALBK,36.86,36.99530591812258,37.43292124755233,39.9882053502833,49.6021220159151,0.6778571428571435,0.5710413017614109,,0,0,0,0,0,0
CENTURYPLY,826.9,818.473211407711,799.6846551507406,772.9579300867998,59.442379182156124,25.64642857142857,0.2858565765396579,,2,1,0,1,0,0
CERA,5181.0,5363.076890143578,5607.589994586369,6182.82984394566,41.20819848975189,122.5,1.1834767675208397,,0,0,0,0,0,0
CESC,166.59,169.29143332165634,170.3908826743343,167.5122928966256,34.80934809348092,3.38571428571429,0.7042156230129549,,0,0,0,0,0,0
CGCL,178.69,182.81178595396744,187.1512081247497,185.436631019307,31.149341142020432,3.963571428571423,0.5186181497094206,,0,0,0,0,0,0
CGPOWER,656.0,672.2297174243807,692.9484103531877,692.1556722606449,46.76346037507561,15.492857142857133,0.3548294134808229,,0,0,0,0,0,0
CHALET,866.55,881.8226741170441,902.5694341263581,904.1340052645775,38.91591382904792,20.275000000000002,0.34988115600158737,,0,0,0,0,0,0
CHAMBLFERT,473.5,451.32397770615273,463.9149321591198,510.4420963137848,77.09824333116458,13.439285714285704,0.6657892727355391,,0,0,0,0,0,0
CHEMPLASTS,260.8,271.59353703877105,310.02788935723163,387.7484862130042,48.85159010600706,10.132142857142858,0.5712826713217135,,0,0,0,0,0,0
CHENNPETRO,828.35,903.8351507672701,896.7987529830989,784.7199972326401,21.823828345567478,29.464285714285705,0.7286626608223175,,1,0,0,0,0,1
CHOLAFIN,1698.0,1691.1396783563293,1680.0312545567608,1577.0667385249167,45.25205158264944,51.20714285714288,0.7111718729427389,,2,1,0,1,0,0
CHOLAHLDNG,1858.4,1872.062786227235,1884.9847535495674,1839.8804164991593,43.25125398996809,58.307142857142885,0.2365551466779206,,0,0,0,0,0,0
CIEINDIA,393.25,403.2314422283549,411.5167231988042,427.0104286370475,29.622641509433947,9.346428571428564,0.6709455715448296,,0,0,0,0,0,0
CIPLA,1506.0,1508.5577983289238,1519.5164408823543,1517.2805553555872,44.22776911076445,18.671428571428596,0.9435151189682478,,0,0,0,0,0,0
CLEAN,879.8,905.2680050762787,954.2569499224317,1147.0245600524786,46.1212976022567,19.810714285714287,0.9495949941171777,,0,0,0,0,0,0
COALINDIA,402.15,387.38413292912526,384.95567572710064,391.1201846800267,81.896551724138,6.199999999999984,1.0675303189233956,,0,0,0,0,0,0
COCHINSHIP,1652.1,1624.2331792440796,1675.582172266366,1711.2704351807608,51.19363395225463,49.785714285714285,1.8754964152366902,,0,0,0,0,0,0
COLPAL,2087.4,2130.081039970922,2172.620895144395,2358.6725240284864,29.968782518210176,34.89285714285721,0.6338691738182082,,0,0,0,0,0,0
COMMOIETF,94.8,93.75805407206653,93.32223510137909,90.35634526993154,60.618279569892444,1.6471428571428592,0.39983248065584165,,2,1,0,1,0,0
CONCOR,520.3,508.79386131706065,517.9230807154439,560.2292718008129,57.335448057097516,9.439285714285692,1.9023244243374877,,1,0,0,0,1,0
CONCORDBIO,1340.0,1371.9367492561778,1433.9165469227469,1613.4183495013167,34.89399293286223,40.678571428571445,0.3382988441359799,,0,0,0,0,0,0
CONSUMBEES,135.76,136.11979757699922,136.5381813768637,132.40907565575608,39.64757709251109,2.260714285714286,0.677039623699713,,0,0,0,0,0,0
CONSUMIETF,126.28,126.57415237933097,126.90738209527768,123.0126066253209,41.28686327077749,1.2185714285714266,0.48529936775189153,,0,0,0,0,0,0
COROMANDEL,2354.8,2327.090787546407,2293.3582321077356,2198.139155250164,54.891401902710484,82.93571428571431,0.3715137310227908,,2,1,0,1,0,0
CPSEETF,91.1,90.43282578329988,91.26580812950628,90.83159631278876,51.038575667655785,1.8814285714285686,1.5097361439667902,,1,0,1,0,0,0
CRAFTSMAN,7379.5,7047.450496420467,6918.1588935026275,6272.911374107233,61.7572156196944,199.25,3.249617005516243,,2,0,0,1,1,0
CREDITACC,1261.6,1297.4672794918604,1322.7512299852217,1268.3726652212997,43.46067415730335,39.40714285714286,2.101543147324222,,0,0,0,0,0,0
CRISIL,4258.9,4397.369310835476,4555.447804840214,4877.095810518572,36.72245467224544,103.03571428571429,0.5521699551634762,,0,0,0,0,0,0
CROMPTON,256.85,258.45044110264314,270.03145453041566,310.8295263237763,45.185185185185176,5.692857142857144,0.519388148013049,,0,0,0,0,0,0
CSBBANK,420.8,405.1041262690534,403.9893913066293,382.9592367343709,72.79411764705881,12.117857142857142,1.5163136155491344,,0,0,0,0,0,0
CUB,292.35,276.69578427574976,261.13257841599545,220.50235420276562,68.43525179856111,8.267857142857142,0.992226316842661,,0,0,0,0,0,0
CUMMINSIND,4346.4,4448.431934846962,4340.050579369383,3833.3608252473077,41.27865584508044,95.05714285714261,0.9229823901624893,,0,0,0,0,0,0
CYIENT,1119.4,1144.9723641993044,1155.306605138378,1274.2557788705303,35.160905840286105,26.750000000000018,1.6642704407097977,,0,0,0,0,0,0
DABUR,488.2,499.16474258731836,505.35746843643307,511.33644749647704,12.371134020618456,6.657142857142849,0.43525370576492695,,0,0,0,0,0,0
DALBHARAT,2160.6,2049.7910083263087,2077.645695135448,2089.615065240772,68.50733390854184,48.89999999999998,3.064911901598551,,1,0,0,0,1,0
DATAPATTNS,2677.8,2676.4852954509793,2734.2265779353074,2633.192776639472,43.90579809943535,94.81428571428576,1.0163509821031607,,0,0,0,0,0,0
DCMSHRIRAM,1243.7,1234.2120853970632,1232.8477307576868,1200.8298868516042,54.29864253393664,36.77142857142859,0.11813506058063053,,2,1,0,1,0,0
DEEPAKFERT,1254.9,1269.4099329125318,1340.416746394621,1360.5446435546019,41.87149633462704,37.77142857142859,0.6882553075769082,,0,0,0,0,0,0
DEEPAKNTR,1765.2,1636.5488643648353,1665.2392873940983,1876.8426168360265,80.1475107559926,44.450000000000045,1.3097147512386615,,0,0,0,0,0,0
DELHIVERY,407.25,410.72616716661116,424.39456070326156,410.2357210016066,51.78933153274813,10.36785714285713,0.32119604948085034,,0,0,0,0,0,0
DEVYANI,144.84,137.6836060274328,144.8047069645399,160.6429115383739,62.70813697769401,4.217142857142856,0.8107254505371417,,0,0,0,0,0,0
DIVISLAB,6427.5,6430.352468058082,6420.360683391622,6224.091005892878,47.106918238993714,132.46428571428572,1.0438811440128353,,1,1,0,0,0,0
DIXON,12328.0,13440.261839360195,14449.400250523586,15216.524548905954,33.25477256658024,557.1428571428571,1.453206852840146,,0,0,0,0,0,0
DLF,695.0,701.3011706256634,722.3631121454125,753.8001485341728,36.40856672158154,13.835714285714298,0.6152372962442542,,0,0,0,0,0,0
DMART,3787.4,3867.8362942148533,4009.179780622585,4160.066875333838,33.82439599292873,73.37857142857148,0.7906709846653514,,0,0,0,0,0,0
DOMS,2572.0,2559.4713150613848,2547.543500582995,2526.2236703473336,45.605920444033295,59.29285714285714,0.13233690446827984,,2,1,0,1,0,0
EASEMYTRIP,7.47,7.63384889350209,7.827386970006843,9.968777438949202,34.24657534246573,0.18285714285714297,0.1397119445364034,,0,0,0,0,0,0
EBBETF0430,1560.32,1559.6040284425242,1556.1966219979652,1522.9012115016023,44.64720194647184,8.706428571428578,0.9325334099726972,,1,0,0,1,0,0
EBBETF0431,1392.69,1394.7403769175328,1392.0558551037238,1362.6690936906905,32.29608675153254,5.068571428571464,0.7274277096583831,,1,0,0,0,0,1
EBBETF0433,1271.67,1271.5809003231475,1269.3999346226146,1244.6090685126674,38.89123994921693,4.18642857142858,0.7654369698165318,,1,0,0,1,0,0
ECLERX,4681.4,4607.521744240319,4508.3622991302855,3943.09986281587,44.11121524523586,168.73571428571424,0.21040153661069097,,0,0,0,0,0,0
EICHERMOT,7324.0,7182.310270734118,7033.861827836515,6257.917664238967,57.93433652530779,115.10714285714286,0.3788959387600604,,1,0,0,1,0,0
EIDPARRY,1068.7,1037.340514890994,1041.2198787577868,1003.03275963554,58.29099307159354,30.564285714285738,1.300676713258231,,0,0,0,0,0,0
EIHOTEL,367.1,371.1188920682322,376.8317471264237,379.13879182767647,42.32323232323235,7.932142857142858,0.3153512308709873,,0,0,0,0,0,0
ELGIEQUIP,462.8,479.7071631904812,486.7256982777023,508.3009415965572,24.967061923583643,10.314285714285708,0.32520320476183,,0,0,0,0,0,0
EMAMILTD,514.7,525.2867829837772,532.5605845803759,566.8582963317635,42.58741258741265,11.62499999999998,0.9490979278849471,,0,0,0,0,0,0
ENDURANCE,2549.8,2635.62962694059,2697.974025891746,2587.199795066962,37.89893617021278,73.94285714285706,0.4093204690395681,,0,0,0,0,0,0
ENGINERSIN,205.35,197.9409547263471,198.64318737394717,200.8697708392424,53.21680019422192,5.459999999999998,3.1503207195875182,,1,0,0,0,1,0
EPL,212.23,209.7778921303113,208.46783714940815,217.6533926517065,60.74388128733858,6.935714285714285,0.3553971811630616,,0,0,0,0,0,0
EQUAL50ADD,343.78,342.4359398266721,340.5580074108257,328.350998886139,47.71911840082,3.570000000000005,0.01538038498081144,,2,1,0,1,0,0
EQUITASBNK,61.95,60.615064664537876,60.24646105344098,61.988835552751624,56.58021133525458,1.6421428571428578,0.7182960749695105,,0,0,0,0,0,0
ERIS,1525.9,1571.2484976447051,1593.551272937629,1564.1057523344257,47.093285263632275,48.97857142857148,0.21803252923180347,,0,0,0,0,0,0
ESCORTS,3698.1,3685.4874365448172,3669.866557512869,3544.2894366619244,48.57777777777776,88.62142857142865,0.3404282604528095,,2,1,0,1,0,0
ESG,44.37,44.223785385237285,43.93969094776422,42.57996664098922,47.56097560975599,0.4507142857142869,0.3069120979017752,,2,1,0,1,0,0
ETERNAL,281.75,290.89965036497534,301.29545754183266,287.35367996963265,41.04289318755257,7.496428571428571,0.6329462274330548,,0,0,0,0,0,0
EXIDEIND,365.15,369.8798332174962,376.91748325077367,389.07645957622145,33.58862144420134,6.582142857142851,0.35412043669294124,,0,0,0,0,0,0
FACT,888.65,864.3344104256512,878.2110339184501,894.3104491207184,57.66893758055607,33.57857142857142,0.6444960773013835,,0,0,0,0,0,0
FDC,407.25,414.85131471359085,423.9836875195942,447.5400732992508,41.78743961352656,8.400000000000002,0.49405624311580687,,0,0,0,0,0,0
FEDERALBNK,262.0,260.1351825634933,246.66755425099703,217.35026999178618,54.713804713804734,4.378571428571429,0.6004705360809701,,2,1,0,1,0,0
FINCABLES,767.2,764.0804789642445,775.247195722247,873.4710982655007,60.77328646748685,19.392857142857142,0.47811544526959593,,0,0,0,0,0,0
FINEORG,4202.8,4328.485199168208,4429.5171255165615,4593.741283577793,28.618167821401073,91.42857142857143,0.6250454512399098,,0,0,0,0,0,0
FINIETF,32.52,32.34474208800109,32.03181986756867,30.118542782418935,45.555555555555536,0.7342857142857139,1.1360696130686718,,2,1,0,1,0,0
FINPIPE,169.81,170.16014613920203,178.7711397541805,199.5187132172068,51.765316718587776,3.6792857142857116,0.4788416307625052,,0,0,0,0,0,0
FIVESTAR,552.7,576.1544930217545,582.3724573443718,629.0029167532209,35.91939546599498,17.72499999999999,0.27182881407531234,,0,0,0,0,0,0
FLUOROCHEM,3627.7,3541.146588808517,3548.6158654040037,3629.4243722517176,71.10107676276485,112.0428571428571,2.9627840029399852,,0,0,0,0,0,0
FMCGIETF,58.97,58.84420103319383,59.04934141544117,59.24469462349952,48.979591836734656,0.8185714285714282,0.8994479454964005,,0,0,0,0,0,0
FORTIS,902.4,897.1436765641763,925.2954651663064,853.2601062639774,54.85453908166843,19.392857142857135,0.520935845719267,,0,0,0,0,0,0
FSL,342.65,346.6908759811494,347.33531957191605,346.2849092763504,46.05621033544875,7.992857142857141,0.8721746270550169,,0,0,0,0,0,0
GAEL,125.74,118.42301899361134,113.78412111284003,113.70677934044377,74.52919020715635,3.9557142857142855,1.295040295223807,,0,0,0,0,0,0
GAIL,171.02,171.91932017245432,175.1116110432417,180.58346546556606,53.009259259259316,2.9471428571428566,0.1828723913385365,,0,0,0,0,0,0
GESHIP,1096.7,1102.1227919095966,1084.9011999365898,1031.913617939466,51.75169022741243,27.735714285714316,1.1927962587554508,,1,1,0,0,0,0
GICRE,371.3,375.5039986418856,378.61887809117883,384.9477873460426,41.273779983457395,9.096428571428557,1.20491763903309,,0,0,0,0,0,0
GILLETTE,8467.0,8246.734758210463,8593.948236617962,9120.089916578232,54.38218390804598,195.14285714285714,2.2130929874697736,,0,0,0,0,0,0
GILT5YBEES,63.47,63.44600502027913,63.36015760619349,62.210127452302736,41.17647058823545,0.6242857142857134,0.8401129388274916,,1,0,0,1,0,0
GILTIETF,63.66,63.74273425918818,63.64017953911291,62.43578380293675,47.148288973383885,0.36857142857142833,1.1745961373271634,,1,1,0,0,0,0
GLAND,1653.5,1703.4832628986865,1775.7009557680597,1799.391227747197,26.038104543234056,36.121428571428545,2.466186468444117,,0,0,0,0,0,0
GLAXO,2464.3,2536.5048555956228,2585.798830783193,2707.2010207100293,33.84982121573303,52.68571428571435,0.39471583868983834,,0,0,0,0,0,0
GLENMARK,2010.6,1972.465886517701,1942.2731272300655,1815.4808677290694,57.51240255138198,40.24285714285721,0.34547351908742907,,2,1,0,1,0,0
GMDCLTD,589.0,529.6139147524226,534.5828852216107,467.88450730508845,68.75314228255407,27.34642857142856,4.874723541472958,,1,0,0,0,1,0
GMMPFAUDLR,1082.8,1086.5282422738137,1124.0146545053724,1173.2158926739316,47.89297658862878,26.65000000000001,0.7203999470608075,,0,0,0,0,0,0
GMRINFRA,102.45,102.22465892619745,99.4526484748176,91.49705400421904,47.99999999999999,3.204999999999996,0.3178399252670272,,1,1,0,0,0,0
GNFC,487.85,492.37716543673935,497.03866076623495,522.2183950620404,29.85074626865668,8.399999999999997,1.0575184730979978,,0,0,0,0,0,0
GODFRYPHLP,2825.4,2840.1324776997544,2950.6112365765794,2841.15598158012,57.437290301965156,93.48571428571434,0.3816093419818791,,0,0,0,0,0,0
GODREJCP,1206.2,1167.8882875766694,1159.3597628160546,1185.7526640062458,80.31088082901557,21.850000000000005,0.6987487805819639,,0,0,0,0,0,0
GODREJIND,1006.2,1018.3654272893298,1052.4650376764976,1098.2882800209402,45.56818181818183,20.75,0.33065192675157923,,0,0,0,0,0,0
GODREJPROP,2002.6,2046.9517754306637,2087.433296121692,2188.3611677280905,40.660112359550546,52.378571428571426,0.8473377594904592,,0,0,0,0,0,0
GOLD1,114.89,109.93108616715314,105.52385895568224,91.04103456352418,78.16627816627816,2.262142857142856,1.6817062926347583,,1,0,0,0,1,0
GOLDBEES,114.31,109.125431588317,104.75541774012963,90.40448949192846,81.28161888701518,1.5221428571428584,1.3640226716090773,,0,0,0,0,0,0
GOLDETF,134.57,128.0970327283425,122.9492693939027,106.10674999636345,83.36933045356369,3.979999999999997,1.1269381554672775,,0,0,0,0,0,0
GOLDIETF,118.31,112.96495041012106,108.36879877654138,93.43006887835257,79.75174553917766,2.3428571428571425,1.4380564126217596,,0,0,0,0,0,0
GOLDSHARE,116.1,110.8473403592603,106.36028467689168,91.66366675396775,82.75862068965516,2.6964285714285725,1.0172817332703175,,0,0,0,0,0,0
GPPL,183.02,187.03918210612488,179.0338837466077,167.2065161967202,51.177039664624346,5.852857142857142,0.9697576066685915,,1,1,0,0,0,0
GRANULES,617.35,581.6014991234656,564.3118779772037,532.6243365181713,75.20071364852812,16.42500000000002,0.34544946442235497,,0,0,0,0,0,0
GRAPHITE,582.8,554.517774569394,556.5963223129974,543.6575559097755,70.9141274238227,16.350000000000005,2.0556534531320825,,1,0,0,0,1,0
GRASIM,2817.7,2794.3021166927174,2789.2392178852106,2732.1384206813204,69.49806949806933,42.55714285714287,1.0807919986720673,,1,0,0,1,0,0
GRINDWELL,1566.5,1577.0080065880718,1588.693343280524,1686.5140889625739,49.827705031013096,41.064285714285724,0.33814169047139286,,0,0,0,0,0,0
GRSE,2496.2,2451.6466825217276,2539.7187465343586,2410.6974241128455,51.80688473075272,94.58571428571433,1.0647275761610147,,0,0,0,0,0,0
GSEC10IETF,259.98,259.01485664085516,258.77267368077514,255.15021098238162,48.97579143389213,1.354285714285721,3.5596189990761684,,3,1,1,1,0,0
GSEC10YEAR,29.64,29.555891626322058,29.504167095485474,29.021460100906538,49.295774647887335,0.25071428571428583,0.7268849883011147,,2,1,0,1,0,0
GSFC,177.94,177.2189414812798,183.61190027669176,195.49929741834922,47.76286353467563,3.945000000000005,0.7302143690664128,,0,0,0,0,0,0
GSPL,296.85,291.86918185175034,297.40582236365344,312.7435707861402,53.81310418904404,6.621428571428567,0.10029026450028805,,0,0,0,0,0,0
GUJGASLTD,394.0,395.87447909869053,404.30291458979156,436.54824063127893,38.23805060918464,8.385714285714291,0.5971391392584002,,0,0,0,0,0,0
HAL,4409.2,4396.988418178857,4510.6964355537,4528.129760847085,46.88766114180477,85.03571428571415,0.7910847609066117,,0,0,0,0,0,0
HAPPSTMNDS,477.45,490.5885636411981,503.5577664931051,575.5070514836038,31.3738892686261,10.021428571428572,1.1065805363675087,,0,0,0,0,0,0
HAPPYFORGE,1088.7,1065.6797812539025,1033.697997552221,981.0661951117999,65.09376890502121,33.12142857142861,0.7674177605769694,,1,0,0,1,0,0
HAVELLS,1418.2,1422.0827698038534,1446.4254979415837,1517.9532581421483,44.15335463258787,23.457142857142863,0.43124188998428736,,0,0,0,0,0,0
HBLENGINE,897.5,852.7336284769736,868.6033286563986,754.5009546914614,69.49262792714654,30.585714285714307,1.138558319039595,,0,0,0,0,0,0
HCLTECH,1660.9,1653.7350936823868,1609.558142703902,1587.220277094576,43.87811634349033,26.40000000000001,0.4517162646454779,,1,0,0,1,0,0
HDFCAMC,2647.2,2649.8568486536565,2683.681308045698,2567.4409192226553,55.50465961143577,68.7785714285714,0.4755220234527326,,0,0,0,0,0,0
HDFCBANK,992.1,993.6200870718983,991.8066997392199,962.498283892947,41.9540229885058,10.364285714285716,0.5952130127142223,,0,0,0,0,0,0
HDFCGOLD,117.96,112.664601843184,108.14678894498797,93.30436641337859,81.66804293971916,3.010714285714287,1.6588372222116439,,1,0,0,0,1,0
HDFCLIFE,748.45,762.1027920912366,761.9304318639795,742.804799333779,37.4763406940064,13.296428571428578,0.8820939792780803,,0,0,0,0,0,0
HEALTHIETF,150.63,150.91547689203293,150.90109159725773,147.46838692883338,42.993326978074386,2.5271428571428567,0.8942056965096827,,0,0,0,0,0,0
HEROMOTOCO,5637.0,5859.990312783577,5765.7800195059335,5117.126718559219,11.865312667022977,128.25,0.3598218994948327,,1,0,0,0,0,1
HFCL,61.47,66.58278513180869,70.01628169071381,79.91196048889297,25.454545454545453,2.5328571428571407,3.677106117806713,,0,0,0,0,0,0
HINDALCO,872.9,840.6261536445006,814.7141122181455,737.9716924483729,72.35479513732551,16.482142857142865,0.5810522096345588,,0,0,0,0,0,0
HINDCOPPER,475.6,385.1218061488198,355.14829866411594,300.6413800077319,82.11080160940884,19.453571428571422,3.857933026157138,,1,0,0,0,1,0
HINDPETRO,467.7,464.4604691026413,458.5131600578607,424.10628297905896,67.61421319796952,9.110714285714275,0.3984359766833422,,1,0,0,1,0,0
HINDUNILVR,2285.4,2324.789508792208,2392.6121481255104,2443.6293502639437,37.17454194792679,29.60714285714289,0.31067359527403254,,0,0,0,0,0,0
HINDZINC,636.85,560.386458366936,519.5917473297687,477.44004176793476,92.94336118848658,19.725,1.058499787485927,,0,0,0,0,0,0
HNGSNGBEES,500.65,507.3520730148027,509.0260373541013,456.9755582776745,27.46286161063334,12.995000000000001,0.9015525744222908,,0,0,0,0,0,0
HOMEFIRST,1115.5,1143.7072999886275,1167.2580343920006,1185.9632580843804,54.88584474885845,35.2714285714286,0.4508829840576766,,0,0,0,0,0,0
HONASA,268.45,269.7818274561603,276.23020440462653,287.3974192588534,45.6140350877193,10.86071428571429,0.2429130687561296,,0,0,0,0,0,0
HONAUT,33005.0,34063.45253385711,34973.86863443555,37139.178536268184,14.339622641509436,525.0,0.3163260965991603,,0,0,0,0,0,0
HSCL,482.55,468.48253963270906,463.2807920464742,466.93440657110864,53.427895981087474,12.549999999999995,0.7188057239643478,,0,0,0,0,0,0
HUDCO,221.63,218.3286459797389,222.98702834500335,223.52278966950172,45.72720780766483,5.691428571428566,1.9017808126121225,,0,0,0,0,0,0
ICICIBANK,1350.4,1365.5720245781572,1372.965486892027,1369.0786549975505,27.438370846730948,15.01428571428575,0.33954168566328463,,0,0,0,0,0,0
ICICIGI,1950.0,1961.4798054963471,1965.2831233250636,1922.6794259314893,37.23849372384932,27.21428571428576,0.3155855512475474,,0,0,0,0,0,0
ICICIPRULI,649.95,637.7770173679831,625.5915677719393,620.8520247664437,62.231320368475,14.092857142857147,0.21646966092215497,,2,1,0,1,0,0
IDBI,101.37,99.0267908034836,98.02829116694664,92.70257297466844,61.601402688486246,2.510714285714287,0.8851825540934666,,2,1,0,1,0,0
IDEA,11.94,11.222031115255133,10.347851917963412,9.004847249545547,65.8333333333333,0.49714285714285705,0.5797532200987382,,0,0,0,0,0,0
IDFCFIRSTB,85.12,82.77973047195155,80.12939490978974,73.84351487868965,67.29048006509355,1.6692857142857147,0.8438350449841094,,1,0,0,1,0,0
IEX,135.36,140.92183691999918,141.99983908250175,156.35100330640128,28.265618173875126,3.3771428571428572,1.9268467266948484,,0,0,0,0,0,0
IFCI,53.42,50.366696461871605,51.928150981944604,54.22511741687257,65.61051004636784,1.8371428571428565,2.036015087693482,,1,0,0,0,1,0
IGL,193.53,193.65468264431934,199.17902842538172,206.0320949449243,52.50506805676221,4.941428571428574,0.1868935457835307,,0,0,0,0,0,0
IIFL,599.25,571.0782253149207,547.2356130866062,483.4464868345124,63.07961504811897,16.660714285714278,1.4046428613740722,,1,0,0,1,0,0
INDHOTEL,739.6,731.4195873828621,732.7378922973868,742.066817572436,54.30693069306934,13.385714285714275,0.7147304275969101,,0,0,0,0,0,0
INDIACEM,441.3,422.2866038177198,407.97300067479574,370.0116464706716,62.68958543983824,15.832142857142852,0.25537647054624946,,0,0,0,0,0,0
INDIAMART,2216.2,2267.6762752896907,2334.145177672923,2408.8242293604844,36.04988399071928,54.442857142857164,0.301444774970974,,0,0,0,0,0,0
INDIANB,778.45,798.0154105586971,802.4465868515738,704.44719430066,35.54502369668246,16.332142857142863,0.359163156035349,,0,0,0,0,0,0
INDIGO,5074.0,5203.924889950191,5431.0091017318055,5398.030720482845,36.56547349343,146.78571428571428,0.14216061999607674,,0,0,0,0,0,0
INDIGOPNTS,1127.5,1200.5264564463837,1185.9325841413229,1168.1043021433075,24.62406015037591,34.392857142857146,0.5228866341516138,,1,0,0,0,0,1
INDUSINDBK,849.85,844.2474944282197,826.676632092684,854.4293721235257,40.76607387140904,19.046428571428578,1.4338573631543277,,0,0,0,0,0,0
INDUSTOWER,419.85,409.6110598875387,396.8360851794882,376.2267102696492,53.52591333899748,9.257142857142851,0.44641539619288395,,1,0,0,1,0,0
INFRAIETF,98.26,98.17856126213584,97.48304558264775,93.87533693620927,50.37481259370323,1.2628571428571422,0.3974593894890795,,2,1,0,1,0,0
INFY,1656.1,1614.085570376329,1569.3148067024765,1574.4866321763827,60.10126582278478,26.721428571428564,0.2647060783001849,,0,0,0,0,0,0
INOXWIND,126.43,128.62292680057055,135.5736584175264,152.47366953789995,42.20221039705281,3.7828571428571425,0.678142188229933,,0,0,0,0,0,0
INTELLECT,991.4,1039.235349927639,1049.0972587042788,1004.2669599252235,33.96132870599898,29.18571428571428,0.5182546020914186,,0,0,0,0,0,0
IOB,33.93,35.91781423678103,37.4736250194202,40.49002088004212,10.633946830265785,0.7928571428571425,0.5425658965749622,,0,0,0,0,0,0
IOC,160.3,163.64209841922823,161.81791741545047,151.65133903352424,42.869269949066236,3.481428571428574,0.641351404139667,,0,0,0,0,0,0
IPCALAB,1439.8,1427.337321393064,1403.1963209624025,1394.771248605618,45.11886697015681,41.57857142857146,0.5236938827369585,,2,1,0,1,0,0
IRB,42.21,42.166978615950825,42.75111398692964,45.90754520741281,45.80369843527741,0.9507142857142868,0.6013646382823227,,0,0,0,0,0,0
IRCON,178.71,160.41850378024236,162.9364744785445,176.29042008959746,74.19297306937753,7.340714285714283,6.324694605200893,,1,0,0,0,1,0
IRCTC,705.5,680.725867376142,691.6970160258145,734.7376130887308,67.39380022962106,10.549999999999995,6.934585939240527,,1,0,0,0,1,0
IRFC,133.64,117.72001800154234,119.18620751214166,127.64840881073852,77.6583381754794,3.8585714285714263,9.097359279997871,,1,0,0,0,1,0
ITBEES,42.34,41.98814032902763,40.95709790913031,40.49170265422381,48.77505567928732,1.0535714285714275,0.6985644308864326,,2,1,0,1,0,0
ITC,404.15,403.46479492485764,405.087383730828,416.14540239889095,48.36734693877548,3.828571428571414,0.38109008718346943,,0,0,0,0,0,0
ITETF,40.39,40.03159149849133,39.02633819335485,38.56070946646184,48.960739030023134,0.803571428571429,0.6466082853367385,,2,1,0,1,0,0
ITI,313.95,308.2640299031344,311.3055440166372,307.97441794067106,62.28855721393033,10.228571428571424,1.1507220050247764,,0,0,0,0,0,0
ITIETF,42.3,41.971258441857884,40.93174879466779,40.4510077283814,47.34411085450343,0.8142857142857152,0.40504224380283577,,2,1,0,1,0,0
IVZINGOLD,11975.55,11455.822150188373,11000.46338351747,9495.949996742964,77.13358935162755,230.02857142857167,0.7270108043217287,,0,0,0,0,0,0
IVZINNIFTY,2949.99,2954.465038329539,2928.014388459687,2824.749854023809,44.53929199096162,33.407142857142944,10.808861411643482,,0,0,0,0,0,0
J&KBANK,98.52,101.4295034963754,103.30397940254039,104.06798854483559,36.261127596439145,2.1357142857142852,0.5911597232634979,,0,0,0,0,0,0
JBCHEPHARM,1818.6,1796.3788293942316,1769.5667936851569,1726.8684556444166,47.42424242424236,28.392857142857128,1.283039783907222,,2,1,0,1,0,0
JETFREIGHT,17.65,17.853488215213524,16.448752773872705,14.7334827459955,30.195381882770917,1.123571428571428,0.1287520833635889,,1,0,0,0,0,1
JINDALSTEL,986.5,1011.9639807435351,1023.8033724396114,988.9172277193143,43.071672354948824,19.478571428571417,0.7325318146571431,,0,0,0,0,0,0
JIOFIN,296.95,298.8165483836528,302.33905927715404,300.25753644085995,41.478696741854606,5.1214285714285745,0.5369493662981925,,0,0,0,0,0,0
JKCEMENT,5685.5,5622.528447376819,5814.850496403462,5805.252048579887,52.85242809995285,152.21428571428572,1.247646337431383,,0,0,0,0,0,0
JKLAKSHMI,775.9,780.7548892367431,804.4952929274625,840.2554541253152,57.770372614359275,21.814285714285695,0.5859060556036894,,0,0,0,0,0,0
JKPAPER,364.05,365.1721974738195,372.82454934730663,378.03911612420836,46.60514172709296,9.396428571428563,0.7706555181322469,,0,0,0,0,0,0
JMFINANCIL,144.29,144.90246037829377,151.168636251977,148.17801718418096,56.079519186315316,4.520000000000002,0.3473986654687434,,0,0,0,0,0,0
JSL,792.05,783.3561361005561,771.8093682823106,727.9474894589955,68.06308526367665,17.849999999999984,0.42334763572050493,,1,0,0,1,0,0
JSWENERGY,479.4,480.2243243526826,494.7534438819662,522.093266894723,60.84524549409571,12.878571428571433,0.1962387314928947,,0,0,0,0,0,0
JSWINFRA,284.3,276.82728596530075,282.14390127991766,293.72881639667,65.21739130434787,6.428571428571429,0.5818562435646464,,0,0,0,0,0,0
JSWSTEEL,1094.4,1110.5053078604967,1126.4387838701311,1075.7912427314182,30.244755244755325,21.764285714285702,0.7439109248908723,,0,0,0,0,0,0
JUBLFOOD,559.8,575.2774117280206,589.3896396751966,624.8873124888429,31.828073993471136,13.03571428571431,1.5185249617449865,,0,0,0,0,0,0
JUBLINGREA,710.45,699.854683330401,697.1320538772843,700.7424109859995,55.96188514035543,28.478571428571424,0.5156494331010211,,0,0,0,0,0,0
JUBLPHARMA,1074.6,1078.1720466093393,1090.3613217839968,1069.8852065150706,49.42196531791906,30.528571428571468,0.6270942990412506,,0,0,0,0,0,0
JUNIORBEES,741.46,737.8483075897711,738.7486815292997,726.7017048662798,51.68831168831173,9.99785714285716,0.8695540810140351,,0,0,0,0,0,0
JUSTDIAL,722.6,727.6244579990974,750.5640657323987,835.4285874357901,45.97130242825608,15.267857142857151,0.6262025811497849,,0,0,0,0,0,0
JWL,347.55,292.44054404458143,298.85029069013206,344.3701922765193,76.85123415610406,18.289285714285707,2.099528524500291,,1,0,0,0,1,0
JYOTHYLAB,282.35,287.61989850212535,298.9718888301757,335.18516919452776,38.596491228070256,6.178571428571416,2.0181542328027007,,0,0,0,0,0,0
KAJARIACER,974.5,1050.917007927648,1097.2369660182753,1123.6759644236208,31.191369606003747,29.071428571428573,1.6653150525755527,,0,0,0,0,0,0
KALYANKJIL,491.15,485.07924344500617,491.53287708820204,518.1579246776611,49.18723660445514,12.732142857142858,0.638189399074294,,0,0,0,0,0,0
KANSAINER,237.42,229.64802176369258,235.19483460659518,245.99517350233478,60.32837807854444,7.150000000000001,2.33246263404789,,0,0,0,0,0,0
KARURVYSYA,262.81,249.47397831587944,243.7922660357521,219.04158864241828,68.2519920318725,6.201428571428571,7.178964719953545,,2,0,0,1,1,0
KAYNES,4060.5,4502.715309265608,5286.647019204413,5767.047000805974,43.860016764459345,284.82142857142856,0.19500909317857443,,0,0,0,0,0,0
KEC,732.05,719.8040544746791,748.167556586868,810.5169943364536,62.287210824967225,18.603571428571417,0.2521246869327606,,0,0,0,0,0,0
KEI,4367.4,4215.721207054947,4146.655103414825,3948.556800952343,60.78037432589615,114.27142857142846,0.5236649347549783,,0,0,0,0,0,0
KFINTECH,41.65,41.13032062120167,41.90831084898919,42.02060525695577,53.5616438356164,1.0921428571428575,1.9883573089302258,,0,0,0,0,0,0
KNRCON,178.93,157.5647385429929,166.69101605011576,205.11859574624822,74.07407407407406,7.253571428571429,6.241715270471286,,1,0,0,0,1,0
KOTAKBANK,2164.2,2151.8801111602293,2129.172428777498,2064.1053551497744,53.41159207630216,29.342857142857156,0.30216184642807464,,2,1,0,1,0,0
KPIL,1196.1,1180.476204410675,1204.627219750446,1185.437613932391,58.16923895689192,33.564285714285724,0.3466904451065212,,0,0,0,0,0,0
KPITTECH,1209.2,1212.4830375688725,1209.2535190362735,1261.6280159732144,39.490909090909106,32.378571428571455,0.48149875474020737,,0,0,0,0,0,0
KPRMILL,938.1,983.6509123043692,1018.8563502430311,1032.3674226505118,23.114956736711946,22.000000000000007,1.1718522968212073,,0,0,0,0,0,0
KRBL,404.3,396.8641645623221,395.60994179583054,373.51642065050777,57.51824817518248,11.960714285714285,0.7092200144359903,,2,1,0,1,0,0
LALPATHLAB,1404.5,1448.3625325758862,1501.2133786430845,1505.3448351460893,17.27002967359047,37.17142857142858,0.7765747424528228,,0,0,0,0,0,0
LATENTVIEW,460.95,476.5921991667391,466.68299131750763,441.5623896397013,53.5300316122234,20.00357142857143,0.1097681202157891,,1,1,0,0,0,0
LAURUSLABS,1085.0,1031.8585717598964,991.3888034702563,830.484668944975,70.32436162870951,22.94285714285713,0.6966225215185015,,0,0,0,0,0,0
LEMONTREE,161.58,161.01931919798147,161.10390568444151,153.81103476046232,44.649981864345314,4.217142857142853,0.4109771823615556,,0,0,0,0,0,0
LICHSGFIN,539.45,538.4148870225388,550.4311584449987,575.1649292965392,47.92219274977904,9.132142857142858,0.8516287235003649,,0,0,0,0,0,0
LICI,849.75,863.4392103720498,878.1386018993609,888.1022115402232,35.819845179451164,11.589285714285722,0.655323592670983,,0,0,0,0,0,0
LICMFGOLD,12485.1,11890.02824860852,11405.181666014942,9845.62800537957,80.71858054520636,207.70714285714308,1.8296129490531534,,1,0,0,0,1,0
LICNETFGSC,28.78,28.70122355218853,28.663014802035043,28.188430593841126,46.59090909090911,0.3485714285714285,1.2289501910289633,,2,1,0,1,0,0
LICNETFN50,289.46,288.880982699889,286.9498969667587,277.6279529677714,46.059782608695556,2.3621428571428402,3.281107962141062,,2,1,0,1,0,0
LICNETFSEN,954.69,952.7453139510576,944.8578629592428,918.5268775911093,46.29744866210336,6.522857142857155,1.7470427661510464,,2,1,0,1,0,0
LINDEINDIA,5956.0,5929.1165076356165,5991.502939887693,6334.093318440292,52.50272034820457,154.60714285714286,1.2662811121350284,,0,0,0,0,0,0
LIQUIDBEES,999.99,999.9962932976401,999.9956814935433,999.9955090456433,39.99999999999999,0.29499999999998344,1.3298746364793974,,0,0,0,0,0,0
LIQUIDBETF,1062.67,1060.5107066773141,1057.4335020274416,1042.5771540277833,100.0,0.22214285714285,0.6257637950619641,,1,0,0,1,0,0
LIQUIDETF,1000.0,999.9962917009069,999.9961936295687,999.994991199606,50.0,0.01999999999998181,0.8462910640199021,,2,1,0,1,0,0
LIQUIDIETF,999.99,999.9869081658641,999.9878606124009,999.9891882984589,50.0,4.3814285714285575,1.2334303393550279,,0,0,0,0,0,0
LLOYDSME,1369.8,1304.3128990061998,1294.5962111641265,1284.8245279076668,83.9310031774853,41.62857142857144,0.30460275828412176,,0,0,0,0,0,0
LODHA,1073.5,1098.6068594820379,1136.3295842869773,1215.7765699195718,37.04962610469071,27.407142857142908,0.5315941315278776,,0,0,0,0,0,0
LOWVOLIETF,23.16,23.078853839862443,22.914523983333538,22.170177998179938,46.15384615384615,0.44142857142857117,0.1469063776062518,,2,1,0,1,0,0
LT,4047.3,4039.177623576494,3969.328424218289,3736.607273665613,51.62907268170433,50.750000000000036,0.47281933234645335,,2,1,0,1,0,0
LTF,301.3,301.4767486579585,289.4814298157307,234.6762989593044,40.99783080260302,7.553571428571429,0.6887241944506487,,0,0,0,0,0,0
LTGILTBEES,29.23,29.131433122649753,29.093238343643314,28.633702777224727,48.75000000000001,0.22714285714285687,0.687969918630089,,2,1,0,1,0,0
LTIM,6035.5,6147.078755944941,5944.447117223983,5536.174614343854,24.324324324324323,111.03571428571429,0.40220265291409213,,1,0,0,0,0,1
LTTS,4518.3,4532.270961806673,4409.571473019608,4435.076469196934,48.24616152789917,116.3357142857142,0.3767747756710998,,0,0,0,0,0,0
LUPIN,2112.4,2091.3686722400926,2049.8164225167925,2000.4715760890044,53.52697095435681,30.850000000000055,1.3166345865970885,,2,1,0,1,0,0
LXCHEM,167.4,174.17051077066424,183.20268298159624,200.12346696697549,39.77493209157938,4.662857142857141,0.8624011192139137,,0,0,0,0,0,0
M&M,3623.1,3640.456095159385,3619.104577041263,3334.6055250011445,35.284909204758904,54.164285714285725,0.46907251791267107,,0,0,0,0,0,0
M&MFIN,394.15,363.968352747136,339.87564557768155,298.41125807275847,61.5954664341761,15.453571428571419,0.5856710037715077,,0,0,0,0,0,0
MAHABANK,56.99,57.37873417609925,57.493153001388514,55.73896248934289,50.07256894049351,0.9771428571428571,0.31510568089315105,,0,0,0,0,0,0
MAHLIFE,391.55,400.3422315612752,394.78640880547584,388.40294773531264,31.615720524017476,10.075000000000005,0.5266813956542312,,1,0,0,0,0,1
MAHSEAMLES,551.2,560.4690443819333,573.0043214286261,628.6631778157404,37.36196319018414,14.403571428571436,1.1499296032239281,,0,0,0,0,0,0
MAKEINDIA,154.63,154.21561550325515,153.63616122285148,147.84205194028797,51.01180438448571,3.7257142857142833,0.6182194058693992,,2,1,0,1,0,0
MANAPPURAM,313.35,290.0796362240652,284.1348506764388,260.95714328412777,77.97173732335828,7.871428571428567,1.6584146408811944,,1,0,0,0,1,0
MANKIND,2193.0,2192.04944900964,2263.731467081931,2393.8046816421047,48.04381846635368,43.17142857142858,0.5417800719736471,,0,0,0,0,0,0
MANYAVAR,578.8,596.2130672509571,625.1896286104144,755.573927654686,43.595973620270726,16.90357142857143,0.3052329773142637,,0,0,0,0,0,0
MAPMYINDIA,1678.2,1679.8665430253257,1698.8880646849434,1752.4828492157767,51.06774668630338,44.36428571428574,0.38733614588293325,,0,0,0,0,0,0
MARICO,743.3,734.0939234921402,729.0727443288723,706.9400229010699,56.69687814702918,11.471428571428564,0.6423534477094736,,2,1,0,1,0,0
MARUTI,16596.0,16342.165507149264,16038.42412956936,14404.561341855511,59.48067632850242,205.5,0.753707742986456,,1,0,0,1,0,0
MASTEK,2144.9,2172.928883648993,2203.151471529502,2353.472031223213,48.05732484076435,56.83571428571424,3.534934608557041,,0,0,0,0,0,0
MAXHEALTH,1074.3,1086.7963150553596,1114.9390620683425,1130.2344755497134,42.91845493562229,24.13571428571426,0.5151460152553118,,0,0,0,0,0,0
MCX,11052.0,10333.217919393956,9805.097643284545,8176.208004080633,65.11727078891258,305.35714285714283,0.8753552733078958,,0,0,0,0,0,0
MEDANTA,1175.0,1181.5227140381269,1223.7153834487654,1245.921630321681,54.300673148840694,25.592857142857188,0.4314802298680507,,0,0,0,0,0,0
MEDPLUS,814.85,809.0410043027076,801.7225430976858,805.215164222594,52.91005291005289,19.764285714285716,0.33174940882261184,,0,0,0,0,0,0
METALIETF,10.85,10.54066490499795,10.394995206659962,9.793392315272989,71.17117117117112,0.25428571428571395,0.8495830792176848,,1,0,0,1,0,0
METROBRAND,1145.4,1142.4130203435247,1150.2895852108654,1171.3631524456266,59.33705283885791,47.221428571428596,0.2926663818813236,,0,0,0,0,0,0
METROPOLIS,1918.5,1913.539090871394,1942.117619919386,1928.0311131171643,48.21540388227926,32.97142857142855,0.7589012994652811,,0,0,0,0,0,0
MFSL,1672.0,1684.1614629237772,1657.6314708997022,1507.5584295550427,44.01315789473681,34.27857142857143,0.44164533164927017,,0,0,0,0,0,0
MGL,1136.6,1151.1418598193864,1197.013149931646,1299.6867152590542,40.59684684684685,29.007142857142867,0.538080789967127,,0,0,0,0,0,0
MHRIL,308.35,312.21992744245296,320.71537606586276,338.763193854606,45.085470085470114,7.9535714285714265,0.6400434175237409,,0,0,0,0,0,0
MID150BEES,228.46,228.19083379817897,227.3003346924828,220.19444901200876,48.04947668886777,3.7735714285714317,1.7254454110157706,,2,1,0,1,0,0
MIDCAPETF,22.57,22.538311713558745,22.446510195091328,21.73151155622566,48.87892376681613,0.7614285714285715,0.5172230634238648,,2,1,0,1,0,0
MIDCAPIETF,22.88,22.823103292192588,22.73173987038061,22.016461557185405,49.74093264248701,0.46999999999999986,1.23809665198577,,2,1,0,1,0,0
MIDQ50ADD,247.42,247.31873196000222,248.10649682978126,246.18527261319068,47.714651858180225,5.188571428571428,0.3167855412831777,,0,0,0,0,0,0
MIDSELIETF,18.49,18.49360567532044,18.336459097396254,17.686199573450267,49.39759036144568,0.5257142857142855,0.7112215802622046,,1,1,0,0,0,0
MINDACORP,581.3,590.1632225962072,582.4832932833308,546.817544159225,47.2676056338028,15.982142857142849,0.5730279744333108,,1,1,0,0,0,0
MMTC,64.24,57.87310893746316,60.722147255240124,65.0051873142096,69.90191017036653,2.936428571428572,11.416684998228257,,1,0,0,0,1,0
MOM100,64.92,64.84027271407189,64.46134110154091,62.215242538076325,47.20496894409939,1.1135714285714273,0.5523125906183955,,2,1,0,1,0,0
MOM30IETF,31.8,31.96774905188165,31.962379756509083,31.636948331655354,37.216828478964324,0.45428571428571346,0.8826356469172808,,0,0,0,0,0,0
MOM50,270.94,270.09664626948336,268.2400266026136,259.3777983852737,47.6524176594253,2.517142857142862,1.0922787193973635,,2,1,0,1,0,0
MOTHERSON,119.29,117.80660569734212,113.2902483949171,105.01490611052704,56.01503759398499,2.690714285714285,0.8865612044099379,,2,1,0,1,0,0
MOTILALOFS,863.35,884.1283890288713,915.7611726278244,873.6735727860639,45.540291162599964,28.071428571428573,0.6998235165480998,,0,0,0,0,0,0
MPHASIS,2850.6,2869.804247287904,2836.5200001361063,2765.0400577080986,36.096112311015105,63.57857142857139,0.3656349438710691,,0,0,0,0,0,0
MRF,150205.0,152919.43784381467,153421.49284003305,145091.44433570572,38.31194087903539,2155.714285714286,0.9606666847634301,,0,0,0,0,0,0
MRPL,145.01,151.47079289589456,153.13848891686808,147.00578176540813,33.89893028402804,4.75928571428571,0.46324024433675637,,0,0,0,0,0,0
MSUMI,45.13,45.844108216387525,46.00917381171144,43.50804221868466,47.35658042744658,1.4921428571428568,0.4768475789571944,,0,0,0,0,0,0
MTARTECH,2394.1,2405.8736242008,2333.7996546455784,1940.6612615148451,50.94339622641508,91.3714285714286,1.2640787549133676,,1,1,0,0,0,0
MUTHOOTFIN,3797.0,3754.039686356718,3568.428162554584,2933.7635048362845,49.5827725437416,68.47857142857144,0.616478945041079,,2,1,0,1,0,0
NAM-INDIA,867.15,869.1522996828824,864.3677107062617,797.2180809394694,62.791817087845956,28.67142857142857,0.3164390099754066,,1,1,0,0,0,0
NATCOPHARM,908.5,905.0199259301079,881.8070610191289,919.3883993258792,43.16820903647249,27.671428571428585,0.1529356199375239,,0,0,0,0,0,0
NATIONALUM,306.85,277.81414317358514,259.2922450286626,220.0574012604431,78.13021702838068,8.121428571428575,1.2573473060604532,,0,0,0,0,0,0
NAVINFLUOR,5774.5,5875.305698321764,5679.205789788987,4959.465819263562,50.074783128926114,206.96428571428572,0.7920325730853369,,1,1,0,0,0,0
NBCC,122.06,113.87907884965668,112.99903432218733,108.27899329246284,64.02918069584737,3.942857142857143,3.8796819658460033,,1,0,0,0,1,0
NCC,158.11,163.67990891932658,177.60317354689664,208.25272813335943,32.82051282051283,4.120714285714292,1.0923740881347073,,0,0,0,0,0,0
NESTLEIND,1272.6,1248.720065536502,1243.5782104449777,1208.9051471722044,60.33789219629919,20.000000000000018,1.797813959987355,,1,0,0,1,0,0
NETF,281.46,280.75755329077043,278.8498329711096,269.73375893466203,47.60746147607451,4.5821428571428555,0.8359268837943278,,2,1,0,1,0,0
NETWORK18,43.94,43.55198688397868,45.78701967164177,52.74652477005497,54.035087719298225,1.2807142857142852,1.2711180057894749,,0,0,0,0,0,0
NEXT50IETF,72.51,72.07479931849244,72.16343367895003,70.97123826965914,52.81124497991969,1.6214285714285697,2.478197039058498,,0,0,0,0,0,0
NH,1859.5,1886.9744932267145,1869.9329716318316,1766.4230367195642,40.75981970379908,48.99285714285718,0.4218617198421549,,0,0,0,0,0,0
NHPC,78.36,77.5213851655198,79.4789361345996,82.60390770715597,57.95314426633793,1.4464285714285714,1.276502175898874,,0,0,0,0,0,0
NIACL,153.82,161.59167212896836,171.05125711249192,182.94383475194323,43.636363636363626,6.286428571428573,2.5701005429582184,,0,0,0,0,0,0
NIF100BEES,281.23,280.36535818402166,278.8927306589101,270.7558655570578,48.846153846153975,3.3092857142857173,0.6250398753624798,,2,1,0,1,0,0
NIF100IETF,29.57,29.49698309283682,29.333361345465445,28.471792591778954,49.342105263157904,0.51,0.9747801896221806,,2,1,0,1,0,0
NIF10GETF,26.0,26.083974050197746,26.06245691088965,25.767554824485266,48.717948717948666,0.42714285714285644,1.4047060654225345,,1,1,0,0,0,0
NIF5GETF,63.12,63.59294613655075,63.50593835251238,62.49982569355659,47.57281553398049,0.4249999999999997,0.03672266131286691,,0,0,0,0,0,0
NIFITETF,26.0,26.083974050197746,26.06245691088965,25.767554824485266,48.717948717948666,0.42714285714285644,1.4047060654225345,,1,1,0,0,0,0
NIFTY1,287.2,286.5944381771863,284.445037232113,274.8437309411646,44.98730964467012,2.6592857142857116,1.2932628500731076,,1,0,0,1,0,0
NIFTYBEES,294.46,293.9209897054317,291.9124847947285,282.20295163092555,45.08560558021557,3.422857142857152,0.6442848926957896,,2,1,0,1,0,0
NIFTYBETF,266.4,265.51591047569855,263.7045057928356,255.00296327418823,49.646756583172724,2.6514285714285757,0.13294416992668998,,2,1,0,1,0,0
NIFTYETF,280.85,280.59056898617905,278.6739225893149,269.4229916798585,44.47189623224226,2.7914285714285705,0.297909202159663,,1,0,0,1,0,0
NIFTYIETF,293.01,292.48536272533755,290.497693180385,280.80520593142637,43.93650793650787,4.7107142857142845,0.5077345139801642,,1,0,0,1,0,0
NLCINDIA,249.93,244.43159429512548,248.37084480218581,246.3515679796102,62.79465370595384,7.6671428571428555,1.7025091084980182,,0,0,0,0,0,0
NMDC,82.61,77.72602764479127,76.27915261665261,73.39134291105097,69.77491961414795,1.8221428571428564,1.36523725163797,,0,0,0,0,0,0
NSLNISP,41.65,41.13032062120167,41.90831084898919,42.02060525695577,53.5616438356164,1.0921428571428575,1.9883573089302258,,0,0,0,0,0,0
NTPC,324.1,323.18856226180947,327.10958220846936,336.4095869383366,51.70940170940173,4.242857142857129,0.615763527904209,,0,0,0,0,0,0
NUVOCO,369.55,359.50464328615874,373.5787059653317,380.95856020690235,63.372093023255836,11.192857142857138,1.0242851818681071,,0,0,0,0,0,0
NV20,154.77,154.10696495042285,152.56025703242446,149.8437905759504,49.683944374209965,2.5164285714285746,0.9847489691479812,,2,1,0,1,0,0
NV20BEES,155.25,154.43617455494896,152.92059041480124,150.33694688233237,49.30114358322736,1.5421428571428513,0.4864608076009501,,2,1,0,1,0,0
NV20IETF,15.16,15.05522526328232,14.907833093717873,14.652371644960859,52.11267605633798,0.35928571428571426,0.8393846734481332,,2,1,0,1,0,0
NYKAA,259.45,254.5191661794653,253.59023797735094,227.32978931191414,56.48535564853554,6.660714285714282,0.47749333639105657,,2,1,0,1,0,0
OBEROIRLTY,1680.6,1658.7728341534662,1667.474637163352,1702.70342836001,54.63750506277844,41.22857142857145,0.7877001829968737,,0,0,0,0,0,0
OFSS,7777.0,7935.5814049269475,8177.193717033257,8653.866146409266,31.271186440677965,195.0,0.8791722250525408,,0,0,0,0,0,0
OIL,402.75,408.1980255395576,413.62181122906907,422.68083274492636,39.4009216589862,7.521428571428568,1.1707343695401786,,0,0,0,0,0,0
OILIETF,12.1,12.09688788340644,12.01473433127083,11.670658865600515,52.054794520547915,0.15571428571428556,0.6857952022258407,,2,1,0,1,0,0
OLECTRA,1237.8,1227.0635838402206,1309.8230109320812,1377.454119303577,52.74390243902438,41.7857142857143,0.8464199277690841,,0,0,0,0,0,0
ONGC,234.53,237.49205596939868,241.22289088135557,244.67649150389525,32.58835758835757,3.5864285714285677,0.5732753291470511,,0,0,0,0,0,0
PAGEIND,36470.0,37042.027249229424,38677.48380969066,42158.49624908021,37.056504599211564,601.4285714285714,0.30349632425756995,,0,0,0,0,0,0
PATANJALI,546.55,551.0539294414515,564.6350053132137,582.01555862254,47.533372025536856,13.657142857142844,0.13959484514323864,,0,0,0,0,0,0
PAYTM,1315.3,1310.6770351894484,1289.1895742763427,1106.9838507312718,44.58410351201479,35.90000000000001,0.383601113482871,,1,0,0,1,0,0
PCBL,304.25,314.4852285689794,332.9173011965532,369.2023527855204,34.359805510534784,8.496428571428567,1.026162082813071,,0,0,0,0,0,0
PERSISTENT,6300.5,6322.281502293093,6123.376771546601,5702.725394795384,42.29152067274001,165.64285714285714,0.9220588886684861,,0,0,0,0,0,0
PETRONET,281.7,274.22796769908996,275.3526598834159,287.8948927886691,61.20129870129863,4.342857142857143,0.38305648931197467,,0,0,0,0,0,0
PFC,354.6,350.304959381651,365.2397682219636,397.1993191494405,52.01238390092884,7.235714285714282,0.7252208486382321,,0,0,0,0,0,0
PGHH,12950.0,12882.33080007944,13040.447384767896,13639.617668989637,63.781321184510254,226.28571428571428,0.3087715317563863,,0,0,0,0,0,0
PHARMABEES,23.25,23.265756516721805,23.12449664650564,22.602067957386218,42.67515923566876,0.5999999999999989,0.7795848403520484,,0,0,0,0,0,0
PHOENIXLTD,1850.4,1787.729147572384,1734.010841094184,1637.300357014085,87.26948245092204,38.72857142857145,0.2554566759286094,,0,0,0,0,0,0
PIDILITIND,1458.6,1463.8648291610325,1475.10136733873,1490.2153905416437,43.014394580863666,19.735714285714316,0.6910508197630962,,0,0,0,0,0,0
PIIND,3235.1,3309.149169491464,3432.069478442625,3660.8287368209944,31.562070545121443,70.9857142857143,0.8862825681374208,,0,0,0,0,0,0
PNB,120.37,120.11154963265056,119.13383689797384,111.8413186039689,46.20181405895694,2.336428571428572,0.5337572960312261,,2,1,0,1,0,0
PNBHOUSING,943.8,917.3398264205197,904.5540829107221,909.8578641066244,58.39815009459742,29.967857142857138,0.9214721184844713,,0,0,0,0,0,0
PNCINFRA,251.91,253.92637918146994,263.84256094796194,291.4788068780332,52.58651444880485,6.870714285714281,0.8393865431858372,,0,0,0,0,0,0
POLICYBZR,1909.4,1873.2681566401163,1835.267999935461,1766.9676679039496,51.62432319866723,58.35000000000001,0.21093050777567052,,1,1,0,0,0,0
POLYCAB,7556.5,7413.032183781051,7415.615152510948,6955.116348092532,59.27531743573862,185.60714285714286,0.4381684219219468,,0,0,0,0,0,0
POLYMED,1756.8,1847.0283128173298,1893.6636779440148,2049.6797030427283,25.44011045909562,38.63571428571434,1.8581790497231234,,0,0,0,0,0,0
POONAWALLA,473.0,460.94963265878044,466.93040542772843,441.2249472116502,51.37829912023462,13.21071428571428,0.7264449865594383,,0,0,0,0,0,0
POWERGRID,265.45,266.36484031450993,272.15568036812414,285.08794723102113,42.21824686940963,4.296428571428578,0.6604779254890564,,0,0,0,0,0,0
POWERINDIA,18350.0,19342.530427721234,19623.439535230587,17918.53460559888,38.3108935128519,653.9285714285714,0.4727754841429244,,0,0,0,0,0,0
PPLPHARMA,174.22,176.86452985542763,184.11323120142578,196.85760481351477,42.07711792851111,4.657857142857141,0.473091515558203,,0,0,0,0,0,0
PRAJIND,333.1,329.414055179167,337.1911310131014,430.19655785300915,60.21699819168177,14.335714285714285,0.13372127354434185,,0,0,0,0,0,0
PRESTIGE,1609.6,1635.1809800093586,1651.8499551687798,1597.8953423447063,36.11785095320623,47.77142857142859,3.0526457438590784,,0,0,0,0,0,0
PRINCEPIPE,251.8,259.11088966522243,281.03247342064003,328.42481027838886,38.003220611916305,6.585714285714279,0.773974374908641,,0,0,0,0,0,0
PRSMJOHNSN,138.25,135.42302278524073,139.86391435903892,147.52976260469435,54.119596324747704,7.854285714285716,0.715174505490525,,0,0,0,0,0,0
PSUBANKADD,83.36,83.55916554473956,82.0764746878146,74.66554212331151,44.50194049159121,1.7057142857142853,0.15461813937593794,,0,0,0,0,0,0
PSUBNKBEES,92.09,92.52588045055296,90.93117401621781,82.77660286255477,42.82678002125402,2.3028571428571434,0.45867312902712176,,0,0,0,0,0,0
PSUBNKIETF,83.55,83.94234204656398,82.47857855611177,75.06431095557103,43.25000000000003,1.240714285714286,0.48911402196507786,,0,0,0,0,0,0
PVRINOX,1000.9,1060.5533261895953,1084.7740073792768,1104.3132350488142,26.499739175795497,33.52142857142859,1.1041627032235666,,0,0,0,0,0,0
PVTBANIETF,28.61,28.709566926553975,28.484398524478475,27.458619657132342,35.294117647058854,0.3800000000000003,0.6781645111038656,,0,0,0,0,0,0
PVTBANKADD,28.72,28.82611935093099,28.6048246312861,27.58700631732559,36.52694610778436,0.262142857142857,0.0119966670218762,,0,0,0,0,0,0
QNIFTY,2847.08,2842.163094767152,2822.552654906544,2729.498140966835,44.922723208583456,24.86571428571428,1.2,,1,0,0,1,0,0
QUAL30IETF,22.05,21.909264869036406,21.780014010623123,21.29354847614785,49.68553459119503,0.29714285714285765,0.2943716836580457,,2,1,0,1,0,0
QUESS,212.32,211.6208626140793,221.89814404886218,322.59013629404274,66.2233219919579,6.367857142857141,0.421571160288752,,0,0,0,0,0,0
RADICO,3305.3,3226.8352034050135,3178.289741144486,2839.5454357162866,58.69492095526404,98.09285714285718,1.2262522462212415,,2,1,0,1,0,0
RAILTEL,378.25,342.9927008186692,348.86263774763813,366.1536978409621,68.53885135135135,15.857142857142858,7.72650186477542,,1,0,0,0,1,0
RAINBOW,1345.0,1348.1354764567773,1359.5141452395803,1401.431872431248,48.44491302055875,31.750000000000018,0.4194254763677233,,0,0,0,0,0,0
RAJESHEXPO,212.78,201.36214433424408,193.3789123324585,197.9235496912295,66.21325648414987,10.404285714285711,0.012080338153354216,,0,0,0,0,0,0
RAMCOCEM,1063.2,1041.6849903798545,1033.7907238794721,1015.3558551653207,66.31250000000001,24.735714285714298,1.3586293732798982,,1,0,0,1,0,0
RATNAMANI,2311.9,2355.5677298787446,2385.7119096675196,2588.961510526508,32.80632411067204,50.50714285714292,0.7568650625103875,,0,0,0,0,0,0
RAYMOND,421.7,450.6705669130757,496.85095799709916,786.030992737136,28.406169665809742,13.535714285714286,2.09411128415066,,0,0,0,0,0,0
RBA,61.39,64.01567471939606,66.33454098444294,75.0199663370666,47.38663897542403,3.6321428571428584,0.7359187433897131,,0,0,0,0,0,0
RBLBANK,303.25,304.5716623660287,303.0040330740239,264.0798496601358,47.29586426299044,7.399999999999998,0.5885366999699294,,1,1,0,0,0,0
RCF,141.89,140.87325075218683,143.68053148870743,149.35656137143218,49.808868501529005,4.019285714285717,0.8660282328720763,,0,0,0,0,0,0
RECLTD,357.1,348.8790285433581,356.8092885186584,391.47502356020607,54.07725321888414,7.321428571428568,0.9557987462740675,,0,0,0,0,0,0
REDINGTON,270.95,275.8833191664286,276.2579820099553,263.2169526200962,52.65700483091785,7.132142857142851,0.3170875100003449,,0,0,0,0,0,0
RELIANCE,1559.2,1549.2282915570615,1515.9251731598945,1435.456533278246,58.56353591160226,17.007142857142885,0.2688086183799636,,2,1,0,1,0,0
RENUKA,25.86,26.536560879094573,27.620075741571313,30.92182729082072,45.69732937685459,0.9142857142857138,0.6233359216144612,,0,0,0,0,0,0
RHIM,449.65,450.63774544777533,457.44169460254915,477.60630159680505,52.202643171806166,11.853571428571424,0.8451940198473816,,0,0,0,0,0,0
RITES,252.65,234.57348771138086,239.6376426315877,255.2858903763533,70.14069828035434,7.691428571428572,5.53267400625183,,1,0,0,0,1,0
RKFORGE,511.6,516.4821116863644,531.2433911370651,610.2813509339206,41.922290388548056,15.832142857142859,0.7311264070787075,,0,0,0,0,0,0
ROUTE,697.8,696.9278749208656,714.6518208068288,891.9253758045039,54.06935598018401,27.23571428571429,0.07037143341764486,,0,0,0,0,0,0
RRKABEL,1473.7,1442.0215866922122,1390.874055499169,1329.2293765286213,67.47267307055316,44.97142857142857,0.8007566372864438,,0,0,0,0,0,0
RTNINDIA,41.55,42.00161857389467,45.155034421524704,51.94369634036378,54.34083601286173,1.4578571428571436,0.8423004625617997,,0,0,0,0,0,0
RVNL,387.95,327.5034806137578,326.60683691298686,352.24817449978394,85.69444444444441,11.871428571428567,10.442987272522567,,1,0,0,0,1,0
SAFARI,2232.6,2272.889214146911,2261.8120105660596,2211.2308394936613,31.81254649144553,61.32857142857142,0.7777415212558425,,1,0,0,0,0,1
SAIL,132.32,131.53860851344945,132.72472018283506,129.0656733692474,49.5295124037639,3.172857142857142,0.6618993777061069,,0,0,0,0,0,0
SAMMAANCAP,139.88,147.3830791401043,153.29575354019997,146.07171302104385,35.337039610840904,5.50928571428571,0.7826731191109284,,0,0,0,0,0,0
SANOFI,4095.3,4221.466121030995,4444.044205017098,5213.303477610443,27.960217676862428,69.40714285714269,0.7135461134625516,,0,0,0,0,0,0
SAREGAMA,350.15,364.83487349937127,394.38658090742376,457.48136077371424,39.12574203993525,14.235714285714282,0.5390300274701779,,0,0,0,0,0,0
SBFC,104.49,105.52059993960816,107.26322956933411,104.53858866615509,40.70981210855951,2.4278571428571425,0.5665006456849827,,0,0,0,0,0,0
SBICARD,864.6,866.8701425076797,872.9031495570325,861.0009352536247,41.138421733505844,18.10357142857143,2.2347968661797255,,0,0,0,0,0,0
SBIETFCON,126.03,126.13700997144697,126.49788154135653,122.62924110166725,41.720990873533246,3.2042857142857124,0.8039898392677265,,0,0,0,0,0,0
SBIETFIT,423.76,419.40255495041447,408.9264118978545,404.3117901364664,48.99110436103276,7.716428571428573,0.46766190807799446,,2,1,0,1,0,0
SBIETFPB,288.73,290.39682120016346,288.0982516727654,277.6942211641827,34.689134224288395,4.554285714285721,0.3903770018190249,,1,0,0,0,0,1
SBIETFQLTY,232.25,230.60547765262547,229.24422458710993,224.1187783098391,48.40538625088594,3.0421428571428573,0.4652090449004014,,2,1,0,1,0,0
SBILIFE,2019.1,2013.214277926518,1973.7230251703202,1826.3741268011129,48.1147540983606,27.821428571428555,0.2819120488710811,,2,1,0,1,0,0
SBIN,966.3,967.3632317356831,946.3894676280157,866.6446802711296,46.02446483180426,10.446428571428571,0.39838359583138716,,1,1,0,0,0,0
SBINEQWETF,33.46,33.31921764047117,33.13866946103224,32.066583848184145,49.77375565610865,0.5157142857142877,1.0579669450162663,,2,1,0,1,0,0
SCHAEFFLER,3803.8,3856.973678231958,3925.97938990534,3885.0058083992253,39.16376306620212,90.86428571428574,0.7542909043957561,,0,0,0,0,0,0
SCHNEIDER,726.8,734.9398770678117,767.6248281810367,784.0823681661918,41.81762357998154,23.028571428571418,0.34626588263426195,,0,0,0,0,0,0
SDL26BEES,136.09,135.14310745083378,134.53305736923699,131.9603671083775,71.79487179487167,2.134999999999995,0.023753391357676304,,1,0,0,1,0,0
SENSEXADD,87.01,87.06498205429801,86.42600102621986,83.72769148545751,39.91323210412156,0.6499999999999976,0.9377766355407064,,0,0,0,0,0,0
SENSEXETF,87.23,87.1554618945321,86.51445516371497,83.79016229323976,43.70860927152326,0.6785714285714286,0.8828608929928385,,1,0,0,1,0,0
SENSEXIETF,972.24,971.2136403710022,964.2809612953441,933.8776691531174,42.993197278911566,7.908571428571439,0.2995066449496023,,1,0,0,1,0,0
SETF10GILT,259.93,259.0693405636435,259.11125267869716,255.59573063075695,47.933884297520635,1.9385714285714275,0.8485442324109603,,0,0,0,0,0,0
SETFGOLD,117.68,112.4987044452335,108.00534360699695,93.2002555994408,79.90353697749205,2.810000000000003,1.3728317543465829,,0,0,0,0,0,0
SETFNIF50,278.39,277.86673496604413,275.9720971931502,266.79537843594255,44.573378839590326,4.574285714285708,0.4761561218468304,,1,0,0,1,0,0
SETFNIFBK,603.61,604.9038564075861,598.4839536690405,571.1321948618454,35.84621183565787,5.652142857142873,0.21675791014833842,,0,0,0,0,0,0
SETFNN50,734.82,731.051646478806,731.8035122296673,719.6136289704295,52.26806048161289,11.045000000000007,0.7596112725074102,,0,0,0,0,0,0
SHARIABEES,519.06,514.373942756882,509.2942824614872,507.20779990795893,53.029356652092325,6.46928571428571,0.8685534488127039,,2,1,0,1,0,0
SHREECEM,26420.0,26220.83487704727,27025.085774588377,28378.19080224281,55.740432612312816,474.64285714285717,1.2009477809167959,,0,0,0,0,0,0
SHYAMMETL,818.2,816.6295506854116,841.193039826346,861.0845489847873,56.704645048203375,19.889285714285727,0.2758656065974876,,0,0,0,0,0,0
SIEMENS,3100.9,3160.226046336315,3172.465055702039,3633.932900443714,27.669710202461303,75.40714285714287,0.5655430688503148,,0,0,0,0,0,0
SIGNATURE,1138.6,1126.808221001866,1113.2614926029282,1147.4853467211512,59.296482412060264,19.06428571428572,0.8362738060710171,,0,0,0,0,0,0
SILVERADD,220.33,187.18619675258492,167.53585053061698,130.31344448553511,99.11699779249443,5.742857142857141,1.2793641608553807,,0,0,0,0,0,0
SILVERBEES,219.85,185.74395228311116,166.4083491279405,129.61690683677702,98.28893641843283,5.660714285714284,1.577229736094104,,1,0,0,0,1,0
SILVERETF,221.92,187.77749034897997,168.27299505912026,131.19198352695062,98.25547586741615,6.235000000000007,1.1826600347022178,,0,0,0,0,0,0
SILVERIETF,229.73,193.74720698256127,173.36930585538656,134.8555050970548,98.33579881656804,7.153571428571429,2.3939668058715826,,1,0,0,0,1,0
SJVN,74.14,74.7811737390701,79.52317512188297,91.16005694130908,50.220541902961585,2.200714285714287,1.9551308089592017,,0,0,0,0,0,0
SKFINDIA,1778.6,1849.7226739051935,2290.9761571443714,3578.976106339075,32.10053859964094,43.47857142857145,0.6310782632715415,,0,0,0,0,0,0
SOBHA,1479.6,1484.9670740650563,1512.418048069991,1502.2563722710358,42.01865057597366,44.96428571428573,1.0672975428130813,,0,0,0,0,0,0
SOLARINDS,12437.0,12559.679118973201,13110.733405969577,13294.132492547895,41.99497066219614,311.92857142857144,1.328302413067677,,0,0,0,0,0,0
SONACOMS,482.1,489.0949833952953,482.91065823522376,492.55083646890137,43.54354354354355,12.035714285714278,0.5368134571837023,,0,0,0,0,0,0
SONATSOFTW,366.65,355.2705326323828,360.7210460806297,402.07717939890745,54.37751004016064,9.189285714285717,0.9359055395263219,,0,0,0,0,0,0
SPARC,134.03,137.2767934213531,137.52965592297684,151.28933253769338,32.04860451870137,6.404285714285716,0.03829566824465982,,0,0,0,0,0,0
SRF,3101.6,3002.9610030157774,2963.557386617011,2908.683541683974,77.33940313606475,59.371428571428524,1.0863368858126394,,0,0,0,0,0,0
STARHEALTH,443.5,465.98984434965956,472.2647446319628,460.97326526924434,36.05442176870745,10.232142857142852,0.6225039021580664,,0,0,0,0,0,0
STLTECH,103.01,102.27478139485358,107.01986352044139,108.83024310876868,56.90419365837028,4.631428571428572,0.46389798837461377,,0,0,0,0,0,0
SUMICHEM,462.05,458.26128173141467,476.99148103340656,513.4173748160212,47.1631205673759,10.49642857142857,0.4739926338879348,,0,0,0,0,0,0
SUNDARMFIN,5149.3,4869.684298064034,4766.6463534122095,4722.834526450356,70.35434135785768,138.77857142857133,2.233455144414417,,1,0,0,0,1,0
SUNDRMFAST,932.2,941.9873849824363,955.5293103357006,999.9150753289825,45.29168580615526,18.378571428571426,0.4490432812900556,,0,0,0,0,0,0
SUNPHARMA,1719.5,1766.6442178902437,1745.8381592710566,1703.8414620577214,31.21716287215412,28.50714285714285,1.2443404881814213,,1,0,0,0,0,1
SUNTECK,403.95,408.60635704497935,417.6448491246916,430.46594751696125,49.45255474452553,12.571428571428575,2.9021225069296284,,0,0,0,0,0,0
SUNTV,572.1,559.300485552311,559.2764844740348,590.1925794088994,60.614272809394755,14.778571428571436,1.2607469285168653,,0,0,0,0,0,0
SUPREMEIND,3273.1,3371.110296953082,3590.948076789411,3996.5282237251913,40.895577852099606,73.38571428571429,0.3363114610003912,,0,0,0,0,0,0
SUVENPHAR,537.35,551.6252251377095,635.8707469915818,857.8929644628197,46.64516129032261,13.199999999999998,0.5905561883786568,,0,0,0,0,0,0
SUZLON,53.2,53.230778225193234,54.54277085590777,57.74583211130137,60.36931818181821,1.1621428571428585,0.8893656250283692,,0,0,0,0,0,0
SWANENERGY,467.9,461.1733615785175,458.16172830630154,471.4628491784223,65.10791366906474,14.192857142857141,1.2220808626296147,,0,0,0,0,0,0
SWSOLAR,215.66,217.2811166686823,226.4656689340603,284.4075170396903,46.48992290004058,9.629285714285723,0.42492946403807663,,0,0,0,0,0,0
SYNGENE,654.65,648.5975464193027,646.3022859521667,670.6830420470869,58.61868833430066,13.153571428571436,0.2681754042539412,,0,0,0,0,0,0
SYRMA,737.7,751.8446351482245,776.6970982406336,698.7945487119097,47.97666788188117,23.09285714285713,0.5131900329407941,,0,0,0,0,0,0
TANLA,539.7,556.559988537681,585.5361596720319,628.469190692019,45.85034013605444,17.178571428571438,0.6437984330147084,,0,0,0,0,0,0
TATACHEM,763.0,774.5679041228003,815.8261364565428,893.6043957886792,44.45002511300856,14.239285714285716,1.1155674217781457,,0,0,0,0,0,0
TATACOMM,1777.6,1811.2786462663666,1812.394767944959,1743.7987490587825,38.26391592059162,40.49285714285715,0.44059804135651126,,0,0,0,0,0,0
TATACONSUM,1175.7,1168.6712401452096,1158.7003603596313,1115.591465869831,55.98130841121492,18.442857142857147,0.4389521569608839,,2,1,0,1,0,0
TATAELXSI,5348.0,5217.84231668402,5277.362509491445,5728.579290156441,55.34616960262187,132.53571428571428,0.3367531936118802,,0,0,0,0,0,0
TATAMOTORS,358.8,358.5116504401553,407.2161605794198,579.8891826995604,56.56565656565654,7.017857142857147,0.6895724228894888,,0,0,0,0,0,0
TATAPOWER,379.55,381.8826885551481,386.09454059667326,390.4566132241703,42.93865905848789,5.664285714285707,0.6329574985250033,,0,0,0,0,0,0
TATASTEEL,169.12,169.22583460707932,170.05435571067488,163.0174632877017,53.46910597169484,3.1364285714285733,0.8135758629764049,,0,0,0,0,0,0
TATATECH,654.55,660.2693386971231,671.4208368029721,720.6602620413473,43.461538461538424,11.874999999999984,0.7461385327913151,,0,0,0,0,0,0
TBOTEK,268.45,269.7818274561603,276.23020440462653,287.3974192588534,45.6140350877193,10.86071428571429,0.2429130687561296,,0,0,0,0,0,0
TCS,3280.0,3233.4912907509442,3167.0727700174316,3303.901201709631,57.01813297515113,44.914285714285725,0.48772164537953744,,0,0,0,0,0,0
TECHM,1612.3,1578.1725227821407,1530.6294199856404,1521.9453601493326,60.463943519919304,25.221428571428582,0.3249470481074765,,1,0,0,1,0,0
TEJASNET,448.75,470.37812380115776,503.7976190397807,650.658920402064,25.799573560767584,15.928571428571425,0.285504416016994,,0,0,0,0,0,0
THERMAX,3012.4,2915.7521425491427,2999.9066031070693,3346.0708196947107,68.62569832402244,75.59285714285718,1.3358341621844612,,0,0,0,0,0,0
TIINDIA,2600.8,2677.3183712306354,2824.854219552346,3028.6195283144634,42.130403630284256,69.95000000000005,0.38558556602383903,,0,0,0,0,0,0
TIMKEN,2988.0,3059.7372361468065,3059.9946422947614,3071.075356898741,38.31527747070529,79.1285714285714,0.5300882569435841,,0,0,0,0,0,0
TITAGARH,897.75,816.9085755578546,834.5775747492697,890.9931648502244,73.26626712328769,30.09642857142857,4.638059601076413,,1,0,0,0,1,0
TITAN,3992.0,3892.909182072985,3814.7412553056765,3607.1948067059725,72.34308577144286,60.56428571428575,1.6291872843033905,,2,0,0,1,1,0
TMB,504.9,509.2782409850805,495.5990093587345,463.8119390513212,34.413170472649995,14.632142857142847,0.2723575273759438,,1,0,0,0,0,1
TNIDETF,99.42,99.08918734333469,97.69216656752256,94.05115090764515,45.94078319006689,2.6699999999999995,0.6759625603854047,,2,1,0,1,0,0
TORNTPHARM,3816.6,3781.424145200608,3724.7259695158477,3512.461975549922,57.3691790686509,55.02142857142859,0.2079420584039192,,2,1,0,1,0,0
TORNTPOWER,1299.2,1286.3963245415428,1291.2932368538497,1348.4344468679615,52.66170578133942,27.678571428571445,0.9174599648487779,,0,0,0,0,0,0
TRENT,4285.3,4190.593221219973,4376.675653184899,4998.230177219369,58.070120025268444,96.96428571428571,1.3071232556251786,,0,0,0,0,0,0
TRIDENT,26.88,27.381333044602346,27.87912837503416,29.282391034491283,34.72668810289389,0.5492857142857146,0.6736917506935883,,0,0,0,0,0,0
TRITURBINE,544.8,535.6530502961411,535.3869318897745,560.0106794697822,49.67426710097718,12.953571428571438,0.516821365180543,,0,0,0,0,0,0
TRIVENI,400.1,373.25965453753207,364.3098372903361,371.3903885810432,70.24489795918367,13.703571428571431,0.284358981391779,,0,0,0,0,0,0
TTML,50.14,50.61523936889244,52.367121778915404,59.61139730996631,52.12765957446809,2.86357142857143,0.10573147696910148,,0,0,0,0,0,0
TVSMOTOR,3634.1,3624.9176877176865,3556.100077453263,3170.6062039800463,46.140567200986425,62.32857142857142,0.40951248866024587,,2,1,0,1,0,0
TVSSCS,107.7,108.19274975341094,113.9266500899146,129.3079672310644,56.590591523055416,3.075714285714286,0.49840864307946675,,0,0,0,0,0,0
UBL,1623.9,1649.6901325655315,1708.45913330086,1850.3930966404225,28.12960235640645,27.171428571428596,0.4226056928736207,,0,0,0,0,0,0
UCOBANK,28.63,29.284478646267694,30.044809297527866,32.65339312648805,38.440111420612816,0.584285714285714,0.7663580576590059,,0,0,0,0,0,0
UJJIVANSFB,53.03,53.46987519875502,52.30880402059121,47.353052418430266,47.72447724477247,1.4250000000000007,0.8009733187370294,,1,1,0,0,0,0
ULTRACEMCO,11794.0,11631.559516187137,11770.5091827861,11827.278675236546,57.49049429657795,161.21428571428572,0.9701876815136297,,0,0,0,0,0,0
UNIONBANK,150.22,152.00235155506041,149.46416637853451,139.81560517223178,42.53152279340444,3.1507142857142845,0.2436190481963775,,0,0,0,0,0,0
UNITDSPR,1428.4,1428.6079617117925,1413.6910061720705,1401.4776842789358,43.00411522633748,27.528571428571418,1.0417430185296521,,0,0,0,0,0,0
UNOMINDA,1271.4,1268.9623025781598,1264.3850080065993,1162.1877156318722,49.77797513321492,29.600000000000023,0.4340833695375104,,2,1,0,1,0,0
UPL,774.05,756.9745434285479,740.2620406983789,686.9108104269781,56.310679611650464,16.367857142857126,0.590423775885282,,1,0,0,1,0,0
USHAMART,442.85,445.5829939714107,441.29168484500195,399.30070043829926,54.53785027185279,15.446428571428571,0.5430314517562045,,1,1,0,0,0,0
UTIAMC,1124.9,1137.2475265953544,1181.8217436790728,1217.5066273052873,50.86483023702756,26.999999999999968,0.28617030470527016,,0,0,0,0,0,0
UTIBANKETF,60.85,60.92384017862983,60.286449544026496,57.515746827684815,36.3295880149813,0.8142857142857147,0.1001084561099418,,0,0,0,0,0,0
UTINIFTETF,286.64,286.21996603511315,284.21376863819154,274.7065634217543,46.23803009575916,3.6657142857142895,1.793719077310067,,2,1,0,1,0,0
UTISENSETF,937.13,936.0501356087977,929.1756992353252,899.9103735566381,42.091097308488635,10.861428571428567,0.13152486642005753,,1,0,0,1,0,0
VAIBHAVGBL,234.94,238.09156465246014,239.7771488247412,245.93451904866623,50.033760972316,7.7578571428571435,0.4787589559768241,,0,0,0,0,0,0
VAL30IETF,14.6,14.376879137127883,14.178917416393144,13.471985583794797,65.51724137931032,0.23071428571428587,1.207695942204226,,1,0,0,1,0,0
VARROC,606.1,634.0979086510631,630.8571140731435,583.6307967912169,36.159169550173026,17.88214285714286,0.6396880682169196,,0,0,0,0,0,0
VEDL,600.95,558.3650016668146,527.8880927402889,475.5575357684708,87.12967459932007,14.621428571428547,0.8362212496034725,,0,0,0,0,0,0
VGUARD,327.7,335.01054017125676,345.1835033403801,364.891569183832,31.130876747141016,7.310714285714279,0.2416615600802952,,0,0,0,0,0,0
VIJAYA,1035.0,1009.9810107207293,1012.6244322177502,1006.7047123298603,57.00674870980547,27.217857142857163,0.17864365176511574,,0,0,0,0,0,0
VIPIND,386.4,368.6018264441167,381.6802966014425,403.2009432963183,69.67370441458732,17.289285714285707,2.171251154416786,,0,0,0,0,0,0
VOLTAS,1381.1,1374.933009687408,1372.8534591597488,1380.8020448003533,65.44831524842941,29.95714285714288,0.48062981870498245,,0,0,0,0,0,0
VTL,446.85,444.0069582547777,439.1198932667229,444.83210274114805,64.91596638655474,9.739285714285716,0.7478684127423498,,0,0,0,0,0,0
WELCORP,806.9,815.6889947709117,842.0063786332626,840.2772496316959,42.48665141113653,21.339285714285722,0.3688401437331994,,0,0,0,0,0,0
WELSPUNLIV,132.57,135.37097146502683,133.1441881325518,133.1955477067748,46.175942549371634,3.85785714285714,0.1032544656387094,,0,0,0,0,0,0
WESTLIFE,543.55,544.6511443908324,574.2148175525128,664.380087648098,40.952955367913134,15.010714285714291,0.30499820602440475,,0,0,0,0,0,0
WHIRLPOOL,908.8,976.0628089212387,1087.85023361936,1267.6360674598864,38.36477987421382,24.442857142857154,0.39974404864119,,0,0,0,0,0,0
WIPRO,266.3,260.9098732124125,254.3234302607164,255.56685711979276,59.950171286203684,3.845714285714284,0.37307458596932014,,0,0,0,0,0,0
YESBANK,21.52,21.930075784951004,22.047260147759967,21.071291407588703,28.906250000000014,0.36714285714285744,0.5347846941899009,,0,0,0,0,0,0
ZEEL,91.21,93.96852634892332,98.99596864717212,113.41912719358614,23.900414937759308,2.240714285714286,0.6889625263668889,,0,0,0,0,0,0
ZENSARTECH,723.25,735.2306962586581,745.4280945613331,765.7855576289713,37.688172043010745,15.282142857142844,0.47228442753823247,,0,0,0,0,0,0
ZFCVINDIA,14767.0,14549.219090338376,13964.200387887373,13456.384831479974,49.635445877734156,505.14285714285717,0.3575751562655025,,1,1,0,0,0,0
ZYDUSLIFE,911.55,924.9248658338732,943.0550744289852,960.3124028122409,37.30867346938771,13.600000000000014,0.448502689357751,,0,0,0,0,0,0
