Date,Symbol,Open,High,Low,Close,Volume,EMA20,EMA50,EMA200,RSI14,MACD,MACDSignal,MACDHist,ATR14,BB_MA20,BB_Upper,BB_Lower,BB_BandWidth,DonchianH20,DonchianL20,RVOL20,RS_vs_Index,RS_ROC20,KC_Upper,KC_Lower,Squeeze,AVWAP60,IndexUpRegime,ATRpct,DonchianH55,DonchianL55,BB_inside_KC,RSI_Overbought,RSI_Oversold,RSI_Above50,MACD_Line,MACD_Signal,MACD_Hist,MACD_CrossUp,MACD_AboveZero,MACD_Hist_Rising,RSI14_H4,RSI_Overbought_H4,RSI_Oversold_H4,RSI_Above50_H4,MACD_Line_H4,MACD_Signal_H4,MACD_Hist_H4,MACD_CrossUp_H4,MACD_AboveZero_H4,MACD_Hist_Rising_H4,Trend_OK,Minervini_Trend,BB_bw_p20_60,SEPA_Flag,BB_slope20,HL_5,Volume_Dry_Up,Pivot_Break,VCP_Flag,Donchian_Mid,Pullback_to_Mid,Donchian_Breakout,MR_Flag,BB_Inside_KC,BBKC_Squeeze_Flag,SqueezeBreakout_Flag,AVWAP_Reclaim_Flag,RS_p80_60,RS_Leader_Flag,TS_Momentum,TS_Momentum_Flag,RSIConfirm_D,MACDConfirm_D,MomentumConfirm_D,RSIConfirm_H4,MACDConfirm_H4,RSI_MACD_Confirm_H4,RSI_MACD_Confirm_D,RSI_MACD_Confirm_OK,RSI14_Status,GoldenBull_Flag,GoldenBear_Flag,GoldenBull_Date,GoldenBear_Date,CompositeScore
2025-12-19,HINDUNILVR,2263.7,2284.8,2263.7,2280.0,1237214,2342.160663741201,2410.4587269139656,2396.3783270978633,23.03420052616238,-49.84811430556465,-43.0240093758418,-6.82410492972285,47.84285714285719,2362.85,2527.436441852771,2198.2635581472287,0.13931179876231775,2488.0,2244.7,0.6212755493351706,0.08780577977694251,-6.315486707482432,2404.058163741201,2280.263163741201,0,2446.3974011388423,0,2.0983709273182978,2667.2,2244.7,False,False,True,False,-49.84811429844194,-43.024009365366894,-6.8241049330750485,False,False,True,23.034200526161968,False,True,False,-49.84811430556465,-43.0240093758418,-6.82410492972285,False,False,True,0,0,0.04529035028556306,0,0.00414623540524934,True,True,False,0,2366.35,True,0,0,False,0,0,0,-0.9522522001710807,0,-0.03640935697229686,0,False,False,True,False,False,False,False,False,Oversold,0,0,2024-08-08,,10.32
2025-12-19,KOTAKBANK,2168.5,2177.5,2156.3,2159.5,2300934,2147.579875066585,2123.7708181130242,2036.2937631641262,53.93778954334937,16.27399351681015,14.288885141615927,1.9851083751942245,31.100000000000005,2141.43,2205.1975746648714,2077.6624253351292,0.05955606736140902,2205.0,2066.7,0.7909886720710285,0.08316516729311725,3.4342369958808128,2196.104875066585,2099.054875066585,0,2117.9507613724722,1,1.4401481824496414,2266.0,1986.0,False,False,False,True,16.273993519226224,14.288885145168807,1.9851083740574165,False,True,False,53.9377895433488,False,False,True,16.27399351681015,14.288885141615927,1.9851083751942245,False,True,False,1,0,0.050494381869108665,0,2.8240505836139157e-05,False,True,True,0,2135.85,False,0,0,False,0,0,1,7.783320556173337,0,0.1967635567624484,1,True,False,False,True,False,True,False,False,Neutral,0,0,,,22.07
2025-12-19,HDFCBANK,987.0,988.0,978.7,985.5,25952384,993.6522629033694,991.5196283153957,988.5101913934549,40.25821596244256,-1.7725585950350933,0.5772651913834961,-2.3498237864185896,12.278571428571436,996.7125,1012.8023750354088,980.6226249645912,0.032285889933975534,1017.5,973.3,1.4329093178215244,0.037952892969375804,-1.257452031461348,1014.2735129033695,973.0310129033694,0,987.7660507976997,0,1.2459230267449453,1020.5,946.0,True,False,False,False,-1.7725585980862206,0.5772651868963703,-2.3498237849825907,False,False,True,40.2582159624413,False,False,False,-1.7725585950350933,0.5772651913834961,-2.3498237864185896,False,False,True,0,0,0.031356397021913146,0,4.112613208439725e-05,True,False,False,0,995.4,True,0,0,True,0,0,0,2.16714826793214,0,0.05672313960969322,0,False,False,True,False,False,False,False,False,Neutral,0,0,2025-11-24,,23.2
2025-12-19,LT,4040.1,4091.5,4040.1,4073.5,1327935,4030.388618954581,3954.004245886874,3673.3429557065137,50.037754845205384,26.7203453192692,28.703145767603136,-1.9828004483339363,59.77857142857147,4036.15,4110.079795999913,3962.220204000087,0.036633819853034606,4140.0,3949.1,0.9315811034536027,0.1568758087374453,1.2074834157370429,4120.861118954581,3939.916118954581,0,3910.6146548888587,1,1.4674989917410448,4140.0,3615.0,True,False,False,True,26.720345324817572,28.703145775762614,-1.9828004509450423,False,True,True,50.03775484520516,False,False,True,26.7203453192692,28.703145767603136,-1.9828004483339363,False,True,True,1,0,0.047549866079272175,0,-0.0006946270683589682,True,False,True,0,4044.55,False,0,0,True,0,0,1,5.882872839876137,0,0.05045321505473388,1,True,False,True,True,False,True,False,False,Neutral,0,0,,,23.99
2025-12-19,NESTLEIND,1230.8,1246.2,1229.7,1244.4,754446,1242.1164253313516,1240.44158336954,1624.1759616655172,43.158783783784735,-5.736808974829046,-5.933454680481676,0.19664570565262984,19.150000000000027,1243.8600000000001,1283.1223778481944,1204.5976221518058,0.06312989861912806,1285.8,1205.0,0.857434030531837,0.04792347033088915,-2.8343874443663597,1270.8414253313517,1213.3914253313515,0,1241.604947901888,1,1.5388942462230815,1311.6,1145.0,False,False,False,False,-5.736809030036284,-5.933454761668953,0.1966457316326693,True,False,True,43.15878378378387,False,False,False,-5.736808974829046,-5.933454680481676,0.19664570565262984,True,False,True,0,0,0.02559203771504262,0,0.002104395594228721,True,False,False,0,1245.4,True,0,0,False,0,0,0,7.584504442451099,0,0.1116669644452386,1,False,False,True,False,True,True,False,False,Neutral,0,0,,2024-08-13,14.27
2025-12-19,HEROMOTOCO,5725.0,5797.5,5725.0,5781.0,769295,5942.837532097373,5778.306796923383,4960.82047358322,22.20421393841181,10.540964876036014,76.65295124576588,-66.11198636972986,135.10714285714286,6064.95,6426.303581033949,5703.596418966051,0.11916127289885292,6388.5,5513.0,1.0524851904808095,0.2226338653028529,-3.6901291128696334,6134.350032097373,5751.325032097373,0,5667.509683873892,1,2.3370894803172955,6388.5,5252.5,False,False,True,False,10.540964892636111,76.65295127017559,-66.11198637753948,False,True,True,22.20421393841167,False,True,False,10.540964876036014,76.65295124576588,-66.11198636972986,False,True,True,0,0,0.062300758495612424,0,-0.001638341915678919,True,False,True,0,5950.75,True,0,0,False,0,0,0,7.75682886951453,0,0.2736285525446134,1,False,False,True,False,False,False,False,False,Oversold,0,0,,,17.16
2025-12-19,ITC,400.25,402.65,400.25,401.05,10654835,402.5927393265969,405.0662140905773,452.5919006269989,43.10344827586652,-1.5290182716566392,-1.5467899168300103,0.017771645173371153,3.782142857142848,402.1825,405.3299759495146,399.0350240504854,0.015651978639123355,408.8,398.2,1.1908503610760592,0.015444959640150347,-1.6672796371214882,408.6002393265969,396.58523932659693,1,406.3724776928458,0,0.9430601813097739,426.4,396.2,True,False,False,False,-1.5290182756792774,-1.5467899227456212,0.01777164706634382,True,False,True,43.10344827586206,False,False,False,-1.5290182716566392,-1.5467899168300103,0.017771645173371153,True,False,True,0,0,0.02321142751973989,0,-0.0022625645156289257,True,False,False,0,403.5,True,0,0,True,0,0,0,1.9289983125564047,0,-0.146883641778345,0,False,False,True,False,True,True,False,False,Neutral,0,0,,2024-08-07,19.47
2025-12-19,M&M,3571.0,3615.0,3560.0,3603.6,1647819,3647.69306744648,3617.9875595482945,3369.359595822868,34.04993065187267,-12.250016127807157,1.5676602372784254,-13.817676365085582,62.77857142857143,3665.2799999999997,3759.1260688113,3571.4339311886997,0.05120813079017158,3795.0,3540.1,0.8081142008445672,0.1387793456158728,-3.8937486665244325,3740.5505674464803,3554.83556744648,1,3608.8830949411217,0,1.7421070992499565,3795.0,3395.7,False,False,False,False,-12.25001613276163,1.5676602299918443,-13.817676362753474,False,False,True,34.04993065187237,False,False,False,-12.250016127807157,1.5676602372784254,-13.817676365085582,False,False,True,0,0,0.050740566838988345,0,-0.0021595822811946086,True,False,True,0,3667.55,True,0,0,False,0,0,0,5.470707354510683,0,0.16816052644374935,0,False,False,True,False,False,False,False,False,Neutral,0,0,2025-06-26,2024-08-20,13.41
2025-12-19,HDFCLIFE,753.1,773.85,753.1,766.45,3098157,764.7285135066168,762.7617130243914,754.3439405749608,49.829738933031706,0.699813091999431,1.8457177635636601,-1.1459046715642291,15.017857142857135,766.4675,783.8883065171628,749.0466934828371,0.04545739125837136,788.5,745.2,1.389247175376057,0.029516991188612975,0.32068062827226296,786.9435135066168,742.5135135066167,0,756.900107513443,1,1.9594046764768915,788.5,726.0,True,False,False,False,0.6998130908962139,1.8457177619414329,-1.145904671045219,False,True,True,49.82973893303067,False,False,False,0.699813091999431,1.8457177635636601,-1.1459046715642291,False,True,True,1,0,0.04554559126152154,0,-0.0019223603733365849,True,False,True,0,766.85,True,0,0,True,0,0,1,2.497964874180796,0,0.2071029214898812,1,False,False,True,False,False,False,False,False,Neutral,0,0,2025-06-04,2024-08-07,30.89
2025-12-19,MARUTI,16329.0,16475.0,16329.0,16414.0,360190,16199.138680610911,15935.227415330413,14039.075561057145,58.77144438295522,127.92308193043027,105.62623078767251,22.29685114275776,220.14285714285714,16170.3,16563.907391885827,15776.692608114172,0.048682756892058573,16536.0,15842.0,1.183538694936568,0.6321245917801466,2.735181823871824,16544.588680610912,15853.68868061091,1,16049.366833985821,1,1.3411895768420687,16660.0,15260.0,False,False,False,True,127.9230819627719,105.62623083523421,22.296851127537693,False,True,False,58.771444382955174,False,False,True,127.92308193043027,105.62623078767251,22.29685114275776,False,True,False,1,0,0.04541788378060264,0,-0.0014176471355373033,True,False,True,0,16189.0,False,0,0,False,0,0,1,5.617652781998711,0,0.45552895273565674,1,True,False,False,True,False,True,False,False,Neutral,0,0,,,27.99
2025-12-19,ICICIBANK,1354.0,1360.4,1350.8,1354.1,14318512,1368.4616194779414,1375.193123757713,1411.7777291186437,33.177570093458996,-4.620052548106742,-1.6358144367837146,-2.9842381113230267,16.435714285714294,1373.245,1401.5905723759279,1344.8994276240724,0.0412826150846029,1400.0,1343.1,1.520462031904212,0.05214816069998151,-1.1244979919678766,1393.5041194779415,1343.4191194779414,1,1369.9759128989851,0,1.2137740407439845,1445.0,1317.4,False,False,False,False,-4.620052552512561,-1.635814443262813,-2.9842381092497483,False,False,False,33.177570093457874,False,False,False,-4.620052548106742,-1.6358144367837146,-2.9842381113230267,False,False,False,0,0,0.040874200602005334,0,-0.000558354022677128,True,False,False,0,1371.55,True,0,0,False,0,0,0,0.9080162560125742,0,0.005943094866651899,0,False,False,False,False,False,False,False,False,Neutral,0,0,,2024-08-07,24.55
2025-12-19,JSWSTEEL,1091.0,1091.0,1075.7,1079.6,1068212,1118.5010917505017,1132.0127956194335,1061.026518464442,26.532769556026125,-19.833257196315117,-14.3489454536556,-5.484311742659516,26.185714285714262,1123.66,1186.74425109699,1060.5757489030102,0.11228352187848614,1185.0,1073.2,0.5428412245622579,0.04157680695052067,-5.323160571779361,1159.2935917505017,1077.7085917505017,0,1151.4910457551161,0,2.425501508495208,1223.9,1073.2,False,False,True,False,-19.83325719444906,-14.348945450911687,-5.484311743537374,False,False,True,26.532769556025414,False,True,False,-19.833257196315117,-14.3489454536556,-5.484311742659516,False,False,True,0,0,0.06787896181928,0,0.002248742670847963,True,True,True,0,1129.1,True,0,0,False,0,0,0,5.7202231548876235,0,0.09011965466754157,0,False,False,True,False,False,False,False,False,Oversold,0,0,2024-08-12,,9.23
2025-12-19,HINDALCO,858.0,864.4,847.55,852.0,4939377,827.7554460673034,805.7215253956969,874.433685664615,67.15237302248175,13.679810497213339,10.229800636801743,3.450009860411596,16.875000000000007,821.0899999999999,865.504608782634,776.6753912173658,0.1081845078679173,864.4,771.85,1.1744378607393728,0.0328116334955943,9.553812524109539,851.6391960673034,803.8716960673034,0,801.7732678916135,1,1.9806338028169022,864.4,754.45,False,False,False,True,13.679810477571095,10.229800607916106,3.4500098696549895,False,True,False,67.15237302248127,False,False,True,13.679810497213339,10.229800636801743,3.450009860411596,False,True,False,0,0,0.06396413026486344,0,-0.0012384383096399748,True,False,False,0,818.125,False,0,0,False,0,0,0,6.411342931443109,1,0.3037490436113237,1,True,False,False,True,False,True,False,False,Neutral,0,0,,2024-08-14,20.33
2025-12-19,INDUSINDBK,834.9,847.9,831.0,844.7,7000947,841.0254246352818,822.4652617683507,851.5831616551525,48.95789025946488,5.34905796455439,8.931346023721009,-3.5822880591666184,19.51785714285715,846.5575000000001,866.6249723617184,826.4900276382814,0.04740959087059887,874.4,826.0,2.214422499639177,0.032530500955080414,-0.21853404996750037,869.6229246352818,812.4279246352817,1,793.0317065291189,1,2.3106259195995205,892.35,726.0,True,False,False,False,5.349057964462986,8.931346023586677,-3.582288059123691,False,True,True,48.95789025946409,False,False,False,5.34905796455439,8.931346023721009,-3.5822880591666184,False,True,True,0,0,0.050947915594459985,0,-0.00543435136628855,True,False,False,0,850.2,True,0,0,True,0,0,0,9.181049524164262,0,-0.15475058788212337,0,False,False,True,False,False,False,False,False,Neutral,0,0,2024-09-23,2024-10-08,35.22
2025-12-19,UPL,747.4,753.8,740.25,751.55,6064263,747.6697583699435,734.0738616625918,1045.2004957480697,50.3388189738625,3.628342249962202,5.264199800754514,-1.6358575507923119,16.007142857142842,749.745,765.5852184255805,733.9047815744195,0.04225494915092591,769.55,729.6,2.5185663010300856,0.02894317271550927,0.0932276753013106,771.8197583699434,723.5197583699435,0,727.4470814066296,1,2.1298839541138768,776.0,651.3,True,False,False,True,3.6283422088490624,5.264199740293913,-1.6358575314448505,False,True,True,50.3388189738625,False,False,True,3.628342249962202,5.264199800754514,-1.6358575507923119,False,True,True,0,0,0.048095775944044954,0,-0.005288158780538605,True,False,False,0,749.575,False,0,0,True,0,0,0,10.305178654416283,0,0.371566748790948,1,True,False,True,True,False,True,False,False,Neutral,0,0,,2024-08-07,39.89
2025-12-19,HCLTECH,1675.0,1681.0,1632.5,1642.4,3487150,1645.233102527179,1598.8489048808433,1628.2749306820513,49.86025712688704,21.193548564511275,27.398337961157132,-6.204789396645857,28.08571428571429,1649.5700000000002,1699.3465998681618,1599.7934001318386,0.06035100040393752,1695.4,1592.6,1.4545841790929477,0.06325097048493437,2.1393034825870627,1685.913102527179,1604.553102527179,1,1558.5233637340236,1,1.7100410549022338,1695.4,1380.4,False,False,False,False,21.19354856011637,27.398337954693922,-6.204789394577553,False,True,False,49.86025712688653,False,False,False,21.193548564511275,27.398337961157132,-6.204789396645857,False,True,False,0,0,0.07135799175762485,0,-0.002470428767365213,False,False,True,0,1644.0,True,0,0,False,0,0,0,7.408259371524958,0,-0.15963978714695048,0,False,False,False,False,False,False,False,False,Neutral,0,0,,,23.87
2025-12-19,ADANIENT,2249.0,2250.0,2210.0,2239.0,880005,2278.4059618984484,2349.9619970505178,2454.1146966525507,47.07527975584943,-42.891138659551416,-48.71768861674383,5.826549957192412,52.78571428571432,2260.8849999999998,2356.2752185209633,2165.494781479036,0.08438307876868004,2432.3,2172.2,0.6720418252017689,0.08622681619323433,-7.567188209552911,2362.0534618984484,2194.7584618984483,1,2415.3228592915525,0,2.357557583104704,2617.3,2172.2,False,False,False,False,-42.891138659551416,-48.71768861674383,5.826549957192412,False,False,True,47.07527975584943,False,False,False,-42.891138659551416,-48.71768861674383,5.826549957192412,False,False,True,0,0,0.08133157751052553,0,-0.0006973278692419593,False,True,False,0,2302.25,True,0,0,False,0,0,0,6.36812327895838,0,-0.10882025155230057,0,False,False,True,False,False,False,False,False,Neutral,0,0,,,10.97
2025-12-19,ULTRACEMCO,11503.0,11529.0,11442.0,11496.0,152956,11596.518859336476,11783.372512779662,11603.506190574884,42.61565836298932,-84.72452327655265,-95.42384998355789,10.699326707005241,157.5,11574.15,11792.429661266888,11355.870338733112,0.03771847803370236,12021.0,11266.0,0.7042959446439117,0.44272598434900484,-1.9865291158666532,11853.018859336476,11340.018859336476,1,11864.422990431007,0,1.3700417536534446,12448.0,11266.0,True,False,False,False,-84.7245232480509,-95.42384994164127,10.699326693590365,False,False,False,42.61565836298932,False,False,False,-84.72452327655265,-95.42384998355789,10.699326707005241,False,False,False,0,0,0.040666492304109826,0,1.999914240077595e-05,True,True,False,0,11643.5,True,0,0,True,0,0,0,-1.3652361490446105,0,-0.037387481683064716,0,False,False,False,False,False,False,False,False,Neutral,0,0,,,12.02
2025-12-19,ADANIPORTS,1495.0,1503.7,1490.7,1496.4,1276175,1497.485632588462,1475.375630556062,1430.8038802355632,39.49476278496615,5.925475901320851,9.484440017402271,-3.5589641160814196,23.69285714285716,1502.7949999999998,1529.5411733612177,1476.048826638782,0.03559523868687063,1549.0,1460.9,0.7595267059630144,0.05762831967465648,1.1217732125962998,1533.7706325884621,1461.200632588462,1,1465.8980348518064,1,1.5833237866116785,1549.0,1386.0,True,False,False,False,5.925475898527566,9.484440013294861,-3.5589641147672957,False,True,True,39.49476278496615,False,False,False,5.925475901320851,9.484440017402271,-3.5589641160814196,False,True,True,0,0,0.049698917892758626,0,-0.0023508677172147233,True,True,True,0,1504.95,True,0,0,True,0,0,0,4.92615858409668,0,0.20371636568394802,1,False,False,True,False,False,False,False,False,Neutral,0,0,2025-10-20,,13.17
2025-12-19,TITAN,3919.0,3961.9,3913.0,3930.1,730780,3868.5871750426704,3792.8228784834664,3529.9818080706095,54.439959636730556,30.88870533026875,28.24810068285914,2.64060464740961,61.95714285714286,3869.5,3959.6457065821523,3779.3542934178477,0.04659294822698144,3961.9,3751.0,1.0453416474694794,0.15135328732515865,0.6633881460990754,3959.6146750426706,3777.5596750426703,0,3659.106574831358,1,1.5764775160210391,3961.9,3351.0,False,False,False,True,30.888705336891235,28.248100692597827,2.6406046442934077,False,True,True,54.439959636730556,False,False,True,30.88870533026875,28.24810068285914,2.64060464740961,False,True,True,1,0,0.048076099082760226,0,-0.0012392414795247303,True,False,True,0,3856.45,False,0,0,False,0,0,1,7.904525585033135,0,0.14306904775754758,1,True,False,True,True,False,True,False,False,Neutral,0,0,2024-08-08,,25.68
2025-12-19,APOLLOHOSP,6919.0,7024.0,6902.0,7012.5,235742,7150.461564048198,7352.19302288734,7134.21465798987,29.779411764705884,-141.03987555338335,-137.5859046988715,-3.4539708545118515,107.89285714285721,7157.325,7452.3740191210045,6862.275980878995,0.08244672950327243,7421.0,6881.0,0.7144664747012701,0.27006053977447775,-5.121093221485595,7302.899064048198,6998.024064048198,0,7489.173395482501,0,1.5385790679908335,8099.5,6881.0,False,False,True,False,-141.03987553400657,-137.5859046703763,-3.453970863630275,False,False,True,29.779411764705884,False,True,False,-141.03987555338335,-137.5859046988715,-3.4539708545118515,False,False,True,0,0,0.06762475501099872,0,-0.0007627789264884284,True,True,False,0,7151.0,True,0,0,False,0,0,0,0.7326991332341372,0,-0.03398446109764164,0,False,False,True,False,False,False,False,False,Oversold,0,0,,,11.86
2025-12-19,TECHM,1611.0,1624.0,1595.0,1612.5,1802793,1552.8724933295002,1513.3261681255663,1577.7022420919727,74.26900584795322,33.863707728363124,31.117175743745413,2.746531984617711,25.257142857142885,1553.9900000000002,1623.4720506456488,1484.5079493543512,0.08942406404886617,1624.0,1461.8,1.0058739629674245,0.06209948240803499,10.331850838179957,1592.1199933295002,1513.6249933295003,1,1471.2233868465257,1,1.566334440753047,1624.0,1383.6,False,True,False,True,33.863707722033496,31.117175734436962,2.7465319875965335,False,True,True,74.26900584795322,True,False,True,33.863707728363124,31.117175743745413,2.746531984617711,False,True,True,0,0,0.0632463756428893,0,0.001298666789278126,True,False,True,0,1542.9,False,0,0,False,0,0,0,8.084632810677341,1,-0.09183070034637153,0,False,False,True,True,False,True,False,False,Overbought,0,0,,,17.83
2025-12-19,ASIANPAINT,2766.4,2812.4,2759.7,2799.9,3895542,2811.984224067387,2728.7088060226665,2698.1063805650315,41.95770966975532,11.100609806072498,35.02027132138486,-23.919661515312363,53.52857142857153,2853.655,2996.7403330222087,2710.569666977791,0.10028215255327567,2985.7,2746.0,2.8395066272845324,0.10782780824450058,-2.666342209552941,2885.199224067387,2738.769224067387,1,2709.8672578774344,1,1.9118029725551458,2985.7,2308.0,False,False,False,False,11.100609790851195,35.02027129900071,-23.919661508149517,False,True,True,41.95770966975532,False,False,False,11.100609806072498,35.02027132138486,-23.919661515312363,False,True,True,0,0,0.09834773735861645,0,-0.007650432353863157,True,False,True,0,2865.85,True,0,0,False,0,0,0,14.187646268225084,0,0.16553231345613484,1,False,False,True,False,False,False,False,False,Neutral,0,0,2025-12-05,2024-08-08,44.51
2025-12-19,TCS,3299.0,3317.9,3278.8,3282.0,3902511,3197.362355388109,3142.639803026718,3180.475614285514,75.03369272237198,41.93814368201538,38.10835922672665,3.8297844552887312,49.32857142857146,3193.81,3292.554836476601,3095.0651635234,0.06183513513740675,3317.9,3115.0,1.4064295507008135,0.12639410931049355,4.170634164920961,3268.117355388109,3126.6073553881088,0,3077.1239456978105,1,1.5030033951423356,3317.9,2866.6,False,True,False,True,41.938143696960196,38.108359248704076,3.8297844482561203,False,True,True,75.03369272237198,True,False,True,41.93814368201538,38.10835922672665,3.8297844552887312,False,True,True,0,0,0.056895625520215334,0,-0.00021904201548899813,True,False,True,0,3216.45,False,0,0,False,0,0,0,4.458486387092392,0,-0.2566588150027178,0,False,False,True,True,False,True,False,False,Overbought,0,0,2024-08-07,2025-07-31,23.33
2025-12-19,AXISBANK,1236.7,1241.5,1229.1,1230.6,5055047,1255.9204151131275,1236.0700301613697,1223.107493870654,35.2131147540983,-1.7052883504056808,6.826856597062763,-8.532144947468444,20.514285714285798,1266.8,1311.3183344805198,1222.2816655194802,0.07028470868411714,1304.0,1216.9,1.091339919366382,0.04739201429539712,-3.542875058786643,1286.5579151131276,1225.2829151131275,0,1220.2794283304522,0,1.6670149288384364,1304.0,1131.0,False,False,False,False,-1.7052883565700085,6.826856587997365,-8.532144944567374,False,False,True,35.2131147540983,False,False,False,-1.7052883504056808,6.826856597062763,-8.532144947468444,False,False,True,0,0,0.06255127479495474,0,0.00036211012641031506,True,False,True,0,1260.45,True,0,0,False,0,0,0,8.20473490087626,0,0.06925015205491336,0,False,False,True,False,False,False,False,False,Neutral,0,0,2025-12-01,2024-08-07,17.77
2025-12-19,TATASTEEL,169.15,169.62,167.83,168.69,28448892,168.9381610041316,170.09507944685348,177.10952488162508,50.110375275938196,-0.8850526238671534,-1.5049056357318675,0.6198530118647141,3.1457142857142872,167.4575,173.42103024540714,161.49396975459288,0.07122440315192963,173.17,160.06,1.3421390393010695,0.006496472364286154,0.4107142857142865,173.47791100413158,164.3984110041316,1,173.1184059306259,0,1.8647900205787464,186.94,160.06,False,False,False,True,-0.8850526246572201,-1.5049056368937042,0.619853012236484,False,False,False,50.110375275938196,False,False,True,-0.8850526238671534,-1.5049056357318675,0.6198530118647141,False,False,False,0,0,0.05323556251831319,0,-0.001755174953782513,True,False,False,0,166.615,False,0,0,False,0,0,0,4.3893068969006235,0,0.1414168752960281,0,True,False,False,True,False,True,False,False,Neutral,0,0,,,21.98
2025-12-19,BAJAJ-AUTO,8830.5,9011.0,8827.0,9002.0,215196,8980.554254748005,8949.40286189388,8542.006208111181,45.17453798767977,-5.74444827831212,10.580052600344501,-16.32450087865662,140.17857142857142,9020.7,9173.461733980066,8867.938266019935,0.03386915294379935,9254.5,8735.0,0.602546281356544,0.34667878489124404,1.2370670265407169,9207.541754748005,8753.566754748006,1,8924.866003366658,1,1.5571936395086805,9254.5,8491.5,True,False,False,False,-5.744448246967295,10.580052646437503,-16.324500893404796,False,False,True,45.17453798767966,False,False,False,-5.74444827831212,10.580052600344501,-16.32450087865662,False,False,True,1,0,0.04767921406267091,0,-0.0007791344495584309,True,True,True,0,8994.75,False,0,0,True,0,0,1,2.1357268422221014,0,0.0004056299210410952,1,False,False,True,False,False,False,False,False,Neutral,0,0,,,18.98
2025-12-19,TATAMOTORS,347.4,354.8,347.0,352.65,74052760,357.76368267011344,415.3972380191764,596.1974043983232,33.956834532374074,-16.736617001764046,-21.63035543904127,4.893738437277225,6.400000000000001,352.2475,364.85971080797214,339.63528919202787,0.07160993794404294,365.0,337.7,5.787608242997646,0.013581012385236305,-2.650103519668745,367.6299326701134,347.89743267011346,1,462.12171200882307,0,1.8148305685523896,739.7,337.7,False,False,False,False,-16.736617002272055,-21.63035543978836,4.893738437516305,False,False,True,33.956834532374074,False,False,False,-16.736617001764046,-21.63035543904127,4.893738437277225,False,False,True,0,0,0.0949609879192105,0,-0.006248434798873358,True,False,False,0,351.35,False,0,0,False,0,0,0,-3.6450537976504527,0,-0.5506498470948012,0,False,False,True,False,False,False,False,False,Neutral,0,0,,,49.53
2025-12-19,BAJAJFINSV,2019.0,2055.0,2017.9,2043.8,1104767,2057.6831502853292,2059.5249824212647,2213.565081289134,42.063492063492454,-8.290725872664552,-4.343837487720521,-3.9468883849440317,36.97142857142858,2061.1549999999997,2111.0851185270053,2011.2248814729942,0.04844867904355137,2118.0,2011.6,1.3483000574704438,0.07870940908250662,-0.41902163320990393,2113.1081502853294,2002.2581502853293,1,2061.260033618283,0,1.8089553073406686,2195.0,1952.4,True,False,False,False,-8.290725900127654,-4.343837528107386,-3.9468883720202683,False,False,True,42.06349206349201,False,False,False,-8.290725872664552,-4.343837487720521,-3.9468883849440317,False,False,True,0,0,0.056996068490546004,0,-0.0018572225331584227,True,False,False,0,2064.8,True,0,0,True,0,0,0,4.2152245453687796,0,0.2211633256654617,0,False,False,True,False,False,False,False,False,Neutral,0,0,,2024-08-08,21.99
2025-12-19,TATACONSUM,1171.5,1186.3,1169.6,1184.0,598033,1163.2826394416916,1155.049123228731,1159.7249817415588,57.66312594840667,2.681253165454109,-0.11535502830201072,2.7966081937561196,20.72857142857145,1163.15,1195.1852765035328,1131.1147234964674,0.055083654736762605,1194.7,1131.9,0.5911946806882135,0.04559738739293857,0.07607133801033061,1196.1176394416916,1130.4476394416915,0,1160.6932043872466,1,1.7507239382239401,1202.8,1108.4,True,False,False,True,2.681253163329302,-0.11535503142656323,2.796608194755865,False,True,True,57.66312594840667,False,False,True,2.681253165454109,-0.11535502830201072,2.7966081937561196,False,True,True,0,0,0.046612104034748233,0,0.00042250631953880786,True,True,True,0,1163.3000000000002,False,0,0,True,0,0,0,4.2092710856251525,0,0.28646710490574234,1,True,False,True,True,False,True,False,False,Neutral,0,0,,,10.5
2025-12-19,BHARTIARTL,2113.9,2115.0,2082.0,2097.7,10127415,2092.6547920299813,2064.0379149084492,1944.399347098803,51.80505415162494,3.357056992397247,6.005121464624928,-2.6480644722276807,30.15000000000006,2099.9449999999997,2151.835064958509,2048.0549350414913,0.04942040382820397,2170.7,2038.0,1.4170609809239394,0.08078516852547907,-3.0055023812826542,2141.0822920299815,2044.2272920299813,1,2053.7521719916303,1,1.4372884587881996,2174.5,1848.1,False,False,False,True,3.3570569901048657,6.005121461253402,-2.648064471148536,False,True,True,51.80505415162453,False,False,True,3.357056992397247,6.005121464624928,-2.6480644722276807,False,True,True,1,0,0.055912130949864636,0,-0.0019658991979397576,True,False,True,0,2104.35,True,0,0,False,0,0,1,6.73643584265299,0,0.2617364891281464,1,True,False,True,True,False,True,False,False,Neutral,0,0,2025-05-08,,30.98
2025-12-19,SUNPHARMA,1747.0,1760.0,1741.2,1744.9,2768986,1778.074423458359,1746.0648343875475,2557.225237333796,33.799896319336455,6.462489843940602,16.571939598223686,-10.109449754283084,27.271428571428583,1793.1050000000002,1836.1807215026026,1750.0292784973979,0.04804595548236426,1849.0,1736.0,1.30861838973055,0.06719837944420481,-1.955385739169524,1818.686923458359,1737.461923458359,0,1711.27742117386,0,1.5629221486290665,1849.0,1600.0,False,False,False,False,6.462489752223746,16.57193946334586,-10.109449711122114,False,True,False,33.799896319336455,False,False,False,6.462489843940602,16.571939598223686,-10.109449754283084,False,True,False,0,0,0.049597790869129514,0,-0.0016308709148267057,True,False,False,0,1792.5,True,0,0,False,0,0,0,5.683605262578149,0,-0.03586031605702278,0,False,False,False,False,False,False,False,False,Neutral,0,0,,,21.24
2025-12-19,BRITANNIA,6020.0,6116.0,5992.5,6103.0,179450,5950.594417605561,5917.431800448573,5595.897022974294,67.2218917311125,45.19412407303753,16.55930504883005,28.634819024207477,115.53571428571429,5912.625,6112.063653013116,5713.186346986884,0.06746196588253643,6145.0,5780.0,0.7127886679908237,0.23503450613100005,4.988818166179243,6102.731917605561,5798.456917605561,0,5928.352394627138,1,1.89309707169776,6261.5,5723.0,False,False,False,True,45.19412408693006,16.55930506926125,28.63481901766881,False,True,True,67.22189173111244,False,False,True,45.19412407303753,16.55930504883005,28.634819024207477,False,True,True,1,0,0.057898152808062917,0,-0.00019553301334182364,True,True,True,0,5962.5,False,0,0,False,0,0,1,1.7370730222094906,1,0.2592592592592593,1,True,False,True,True,False,True,False,False,Neutral,0,0,,,21.03
2025-12-19,SHREECEM,25490.0,25715.0,25360.0,25600.0,47019,26288.72536063278,27191.590557692663,27617.92614865051,36.790923824959485,-404.1140097270363,-421.9952671919825,17.881257464946202,491.7857142857143,26260.5,26951.70718198122,25569.29281801878,0.05264234740246523,26975.0,25360.0,1.2636238180149504,0.9858894571446176,-3.3232628398791486,26954.72536063278,25622.72536063278,0,27618.352925791296,0,1.9210379464285714,30285.0,25360.0,False,False,False,False,-404.1140096375493,-421.9952670603881,17.881257422838758,False,False,False,36.790923824959485,False,False,False,-404.1140097270363,-421.9952671919825,17.881257464946202,False,False,False,0,0,0.039469864092780436,0,-0.003943153761312074,False,False,False,0,26167.5,True,0,0,False,0,0,0,-1.4931789638505162,0,-0.08868419881635736,0,False,False,False,False,False,False,False,False,Neutral,0,0,,2025-12-05,20.42
2025-12-19,CIPLA,1495.5,1520.1,1495.5,1517.1,769045,1510.954690163582,1522.239497629855,1654.5815177562101,47.619047619048374,-6.359197556716481,-7.385441945653754,1.0262443889372728,19.407142857142894,1510.53,1534.7264851578368,1486.3335148421631,0.03203707990948453,1536.3,1484.8,0.6922095652093687,0.058425503727894505,0.3505754729461463,1539.822190163582,1482.087190163582,0,1532.431550760903,0,1.2792263434936981,1673.0,1484.8,True,False,False,False,-6.359197572975518,-7.385441969564016,1.0262443965884982,True,False,True,47.61904761904762,False,False,False,-6.359197556716481,-7.385441945653754,1.0262443889372728,True,False,True,0,0,0.03244647305191803,0,-0.0020266378530296196,True,True,False,0,1510.55,False,0,0,True,0,0,0,0.6512277232147093,0,0.04739549173254165,0,False,False,True,False,True,True,False,False,Neutral,0,0,,2024-08-09,12.06
2025-12-19,SBIN,979.95,982.0,977.05,980.3,5376584,966.0522921953302,942.2539542301286,896.7661233420998,53.60721442885852,6.773332637956287,7.1708012393039695,-0.3974686013476827,13.439285714285713,968.25,988.9909840541409,947.5090159458591,0.04284220821924272,999.0,944.45,0.561806929269503,0.03775263417339331,0.7916923709644141,987.3635421953302,944.7410421953302,1,932.0556319944545,1,1.370936010842162,999.0,857.25,False,False,False,True,6.7733326335376205,7.170801232806047,-0.3974685992684268,False,True,True,53.60721442885768,False,False,True,6.773332637956287,7.1708012393039695,-0.3974686013476827,False,True,True,1,0,0.0467519932123111,0,-0.002105806842836944,True,True,True,0,971.725,False,0,0,False,0,0,1,8.41022220259973,0,0.13862593646553223,1,True,False,True,True,False,True,False,False,Neutral,0,0,2025-10-31,2024-08-13,18.31
2025-12-19,COALINDIA,385.0,387.35,383.5,385.6,3611941,381.966127149035,382.6875018736523,430.35739355395725,61.038961038963826,0.8285579692714009,-0.137121075235488,0.9656790445068889,4.982142857142845,379.745,388.2946629150283,371.1953370849717,0.045028442323286975,387.35,369.6,0.9624755125322447,0.014849959948240803,1.9566367001586649,389.353627149035,374.578627149035,0,383.825853696414,1,1.2920494961470033,399.3,369.6,False,False,False,True,0.8285579656294999,-0.13712108059125494,0.9656790462207548,False,True,False,61.0389610389612,False,False,True,0.8285579692714009,-0.137121075235488,0.9656790445068889,False,True,False,0,0,0.044065038255095466,0,-0.0009413349343910946,True,False,False,0,378.475,False,0,0,False,0,0,0,1.0544382707683964,1,-0.06054330612742109,0,True,False,False,True,False,True,False,False,Neutral,0,0,,,16.34
2025-12-19,INFY,1650.0,1654.9,1629.8,1638.7,13149023,1587.5164939830013,1552.0450788324024,1546.8028117336953,71.80385288966757,25.043744491926873,23.3500941782139,1.693650313712972,26.742857142857183,1586.925,1642.7556037530833,1531.0943962469166,0.070363254410994,1654.9,1525.9,1.662986997662514,0.06310847864933145,6.064724919093845,1626.8389939830013,1548.1939939830013,1,1525.1034445804091,1,1.6319556442824912,1654.9,1427.4,False,True,False,True,25.04374449546458,23.350094183416303,1.6936503120482769,False,True,True,71.80385288966727,True,False,True,25.043744491926873,23.3500941782139,1.693650313712972,False,True,True,1,0,0.06816300132959995,0,-4.304212625996784e-07,True,False,True,0,1590.4,False,0,0,False,0,0,1,4.822845933028393,1,-0.17239463649907827,0,False,False,True,True,False,True,False,False,Overbought,0,0,2025-12-17,2025-07-14,35.63
2025-12-19,SBILIFE,2014.5,2035.5,2012.4,2028.4,751874,2008.5064846450466,1965.1970868246774,1815.1729966829548,66.13636363636404,16.219968004941848,18.552178580368697,-2.332210575426849,34.14285714285711,2009.8,2052.765396096694,1966.8346039033058,0.04275589222479264,2086.6,1951.2,0.9259089020186657,0.07811633495594307,0.29171817058097904,2065.7539846450463,1951.2589846450467,0,1927.3730484578118,1,1.6832408372538508,2086.6,1757.7,True,False,False,True,16.21996800550096,18.552178581191228,-2.3322105756902687,False,True,True,66.13636363636368,False,False,True,16.219968004941848,18.552178580368697,-2.332210575426849,False,True,True,1,0,0.040157350568382696,0,-0.0021847514210002646,True,False,True,0,2018.9,False,0,0,True,0,0,1,9.22276287252311,0,0.42679281117011914,1,True,False,True,True,False,True,False,False,Neutral,0,0,2025-04-23,2024-12-19,23.82
2025-12-19,DIVISLAB,6410.0,6598.0,6408.5,6478.5,785205,6408.341144868467,6410.555881504755,6093.221912908676,54.0057224606582,-24.705120090302444,-27.963227631662107,3.2581075413596636,127.78571428571429,6404.7,6546.575928004856,6262.824071995144,0.04430369197772142,6598.0,6265.0,3.352317009677128,0.24949550187935177,1.6554213086458436,6589.428644868467,6227.253644868468,0,6390.583653872849,1,1.9724583512497382,6904.5,5675.0,True,False,False,True,-24.705120073379476,-27.96322760677537,3.2581075333958935,True,False,True,54.00572246065808,False,False,True,-24.705120090302444,-27.963227631662107,3.2581075413596636,True,False,True,0,0,0.047971689154070386,0,-0.002032016054234149,True,False,True,0,6431.5,False,0,0,True,0,0,0,8.763202426762398,0,0.1062162231385908,1,True,False,True,True,True,True,False,False,Neutral,0,0,2024-08-07,,49.95
2025-12-19,RELIANCE,1554.4,1574.2,1551.0,1565.1,13937275,1541.4043689835764,1507.3084744106081,1392.5515371648949,49.5674740484437,12.815319517423404,15.350432835525831,-2.535113318102427,21.221428571428582,1548.35,1573.1736304782314,1523.5263695217684,0.03206462424933834,1581.3,1517.6,1.3904013818144236,0.06027404646004066,1.1961722488038173,1573.9093689835765,1508.8993689835763,1,1477.1104834008243,1,1.3559151857024205,1581.3,1356.9,True,False,False,False,12.815319521860374,15.350432842050925,-2.5351133201905505,False,True,True,49.567474048442904,False,False,False,12.815319517423404,15.350432835525831,-2.535113318102427,False,True,True,1,0,0.04588639574659087,0,-0.001599655237567571,True,False,True,0,1549.4499999999998,False,0,0,True,0,0,1,8.046658168189822,0,0.23401403453441616,1,False,False,True,False,False,False,False,False,Neutral,0,0,2024-08-07,,30.99
2025-12-19,EICHERMOT,7075.0,7242.0,7075.0,7217.0,423435,7119.896238999412,6986.241458137726,6270.045969403952,55.75833857772194,47.270246107308594,55.42568975324018,-8.155443645931584,120.35714285714286,7148.75,7296.1197462337,7001.3802537663,0.04122951459589451,7328.5,6956.0,0.8449030656631362,0.2779361020395588,1.1563529329315259,7313.846238999412,6925.946238999412,1,7015.521561753925,1,1.6676893841920861,7328.5,6670.0,True,False,False,True,47.27024610056378,55.425689743321385,-8.155443642757604,False,True,True,55.75833857772184,False,False,True,47.270246107308594,55.42568975324018,-8.155443645931584,False,True,True,1,0,0.0343306495435592,0,-0.0010645378603639766,True,False,True,0,7142.25,False,0,0,True,0,0,1,4.68959253502836,0,0.49157796837862966,1,True,False,True,True,False,True,False,False,Neutral,0,0,2025-04-22,2024-08-19,22.67
2025-12-19,POWERGRID,258.05,263.95,257.95,263.45,16657897,266.34793862237234,273.1568121814926,284.44051653475583,37.747035573127036,-4.193725353810407,-4.010610933871068,-0.18311441993933908,4.075000000000001,267.05499999999995,277.1432891197441,256.9667108802558,0.0755521455860715,279.05,255.8,1.4488453682126328,0.010145803807998028,-5.09726224783863,272.62168862237235,260.07418862237233,1,278.0776670685795,0,1.546783070791422,296.65,255.8,False,False,False,False,-4.193725353395962,-4.010610933261629,-0.18311442013433332,False,False,True,37.74703557312256,False,False,False,-4.193725353810407,-4.010610933871068,-0.18311441993933908,False,False,True,0,0,0.04757972239500867,0,-0.00288300207777016,True,False,False,0,267.425,True,0,0,False,0,0,0,0.947533959464258,0,-0.21358208955223879,0,False,False,True,False,False,False,False,False,Neutral,0,0,2025-04-29,2025-08-07,23.06
2025-12-19,GRASIM,2800.0,2831.1,2790.1,2812.5,546550,2781.034124634689,2783.7109228394525,2855.919298489922,71.18200836820114,9.455300440143219,-0.5515908683526654,10.006891308495884,39.692857142857164,2759.07,2846.0527351272526,2672.0872648727477,0.0630522133380106,2849.9,2679.4,1.1455458377627912,0.10831305071168895,2.8411584028082526,2842.4216246346887,2719.646624634689,1,2791.0450376543404,1,1.4113015873015882,2977.8,2675.7,False,True,False,True,9.455300423605422,-0.5515908926737196,10.006891316279141,False,True,False,71.18200836820085,True,False,True,9.455300440143219,-0.5515908683526654,10.006891308495884,False,True,False,0,0,0.0496856558093831,0,-0.0027715042857722034,True,False,False,0,2764.65,False,0,0,False,0,0,0,1.43783225775899,1,0.04742751801575329,1,False,False,False,True,False,True,False,False,Overbought,0,0,,2024-08-14,19.22
2025-12-19,ONGC,232.0,233.5,231.5,232.89,5070902,238.97322455310064,242.3914870148598,248.8612235375697,23.083859332738342,-3.8089416544421795,-3.027431723683423,-0.7815099307587565,3.7271428571428538,239.86700000000002,249.55503725126027,230.17896274873976,0.08077840846185806,248.8,228.61,0.6811066575882926,0.008968898268531639,-5.69346021461834,244.43472455310064,233.51172455310063,0,245.70111613165653,0,1.6003876753586905,258.5,228.61,False,False,True,False,-3.8089416544250696,-3.0274317236582604,-0.7815099307668092,False,False,True,23.083859332732032,False,True,False,-3.8089416544421795,-3.027431723683423,-0.7815099307587565,False,False,True,0,0,0.05073412611861777,0,0.0015112411279855533,True,True,False,0,238.705,True,0,0,False,0,0,0,5.100046174803077,0,-0.07509928514694209,0,False,False,True,False,False,False,False,False,Oversold,0,0,,,11.3
2025-12-19,NTPC,318.95,320.6,317.5,319.9,10833662,323.39594215237076,327.8762557462138,378.6595694759345,35.77075098814686,-2.5545198007319527,-2.5714845420137844,0.016964741281831675,4.299999999999987,323.25750000000005,328.9585870154765,317.5564129845236,0.0352727284933927,329.95,315.55,1.4797515349452302,0.012319767083615749,-2.06643196081433,329.61344215237074,317.1784421523708,0,332.8325209149516,0,1.3441700531416028,350.0,315.55,True,False,False,False,-2.5545198037999626,-2.5714845465255154,0.016964742725552817,False,False,False,35.77075098814224,False,False,False,-2.5545198007319527,-2.5714845420137844,0.016964741281831675,False,False,False,0,0,0.03358509004983128,0,-0.0025016698885389887,True,False,False,0,322.75,True,0,0,True,0,0,0,1.8202714203340657,0,-0.09351090960612074,0,False,False,False,False,False,False,False,False,Neutral,0,0,,,23.83
2025-12-19,WIPRO,267.0,267.0,263.3,264.45,12750745,256.76599406253234,251.69113411408495,281.19616374736495,75.8860065765437,4.4977577611630295,3.9917529464526735,0.506004814710356,3.800714285714282,256.05949999999996,267.79764890140075,244.3213510985993,0.09168297916227064,267.0,244.0,1.5273127240852349,0.01018431511491774,8.163933085197762,262.50649406253234,251.02549406253235,0,246.89830981072177,1,1.437214704372956,267.0,236.0,False,True,False,True,4.49775775932153,3.9917529437445993,0.5060048155769308,False,True,True,75.8860065765437,True,False,True,4.4977577611630295,3.9917529464526735,0.506004814710356,False,True,True,0,0,0.05992761016143754,0,0.002383324393149534,True,False,False,0,255.5,False,0,0,False,0,0,0,5.29759062155213,1,-0.1447283311772316,0,False,False,True,True,False,True,False,False,Overbought,0,0,,,25.57
