Date,Symbol,Open,High,Low,Close,Volume,EMA20,EMA50,EMA200,RSI14,MACD,MACDSignal,MACDHist,ATR14,BB_MA20,BB_Upper,BB_Lower,BB_BandWidth,DonchianH20,DonchianL20,RVOL20,RS_vs_Index,RS_ROC20,KC_Upper,KC_Lower,Squeeze,AVWAP60,IndexUpRegime,InstrumentToken,ATRpct,DonchianH55,DonchianL55,BB_inside_KC,RSI_Overbought,RSI_Oversold,RSI_Above50,MACD_Line,MACD_Signal,MACD_Hist,MACD_CrossUp,MACD_AboveZero,MACD_Hist_Rising,RSI14_H4,RSI_Overbought_H4,RSI_Oversold_H4,RSI_Above50_H4,MACD_Line_H4,MACD_Signal_H4,MACD_Hist_H4,MACD_CrossUp_H4,MACD_AboveZero_H4,MACD_Hist_Rising_H4,Trend_OK,Minervini_Trend,BB_bw_p20_60,SEPA_Flag,BB_slope20,HL_5,Volume_Dry_Up,Pivot_Break,VCP_Flag,Donchian_Mid,Pullback_to_Mid,Donchian_Breakout,MR_Flag,BB_Inside_KC,BBKC_Squeeze_Flag,SqueezeBreakout_Flag,AVWAP_Reclaim_Flag,RS_p80_60,RS_Leader_Flag,TS_Momentum,TS_Momentum_Flag,RSIConfirm_D,MACDConfirm_D,MomentumConfirm_D,RSIConfirm_H4,MACDConfirm_H4,RSI_MACD_Confirm_H4,RSI_MACD_Confirm_D,RSI_MACD_Confirm_OK,RSI14_Status,GoldenBull_Flag,GoldenBear_Flag,GoldenBull_Date,GoldenBear_Date,CompositeScore
2025-12-19,COALINDIA,385.6,386.95,384.05,386.25,3112021.0,382.0280336234613,383.05071606096874,599.9467242327216,61.95652173912931,0.8285591765197751,-0.1371192998702442,0.9656784763900192,4.914285714285699,379.745,388.4252544307059,371.1297455692941,0.04554116255284161,386.95,369.6,0.8348221050227288,0.0148499599482408,2.12850343733475,389.34428362346125,374.7117836234613,0.0,383.8293849092852,1,NSE_EQ|INE522F01014,1.272306981044841,399.3,369.6,False,False,False,True,0.8802225825903065,-0.1270260556441638,1.0072486382344703,False,True,True,61.956521739130565,False,False,True,0.8804110283716113,-0.12674892949987696,1.0071599578714883,False,True,True,0,0,0.04406503816008253,0,-0.000915698919526722,True,False,False,0,378.275,False,0,0,False,0,0,0,1.0544382707683964,1,-0.7447293635582579,0,True,False,True,True,False,True,False,False,Neutral,0,0,,,16.8
2025-12-19,BHARTIARTL,2118.0,2151.7,2101.7,2147.6,7670853.0,2097.4071735826246,2066.1198529855005,2077.9529986547104,60.6629834254142,3.3570655777448337,6.005134090135607,-2.648068512390773,32.0571428571429,2099.945,2158.5061413834833,2046.373858616517,0.05333435568528292,2170.7,2038.0,1.092100192908653,0.080785168525479,-0.6982013224210437,2147.8371735826245,2046.9771735826246,1.0,2054.3710593748096,1,NSE_EQ|INE397D01024,1.4926961658196545,2174.5,1848.1,False,False,False,True,7.337617007611243,6.801148636321178,0.5364683712900646,True,True,True,60.662983425414325,False,False,True,7.337692358371896,6.801259446261019,0.5364329121108771,True,True,True,0,0,0.05591213094801625,0,-0.001770201605037437,True,False,True,0,2104.35,False,0,0,False,0,0,0,6.73643584265299,0,0.06601806810284927,1,True,True,True,True,True,True,True,True,Neutral,0,0,,,21.09
2025-12-19,TATACONSUM,1184.0,1188.7,1174.1,1178.8,670307.0,1162.787402502756,1155.0707044900673,1603.2795277583566,55.92417061611372,2.681253547953247,-0.1153544658032513,2.7966080137564986,20.764285714285734,1163.15,1194.2908983780783,1131.4891016219215,0.05400493318900053,1194.7,1131.9,0.6602834677749226,0.0455973873929385,-0.3634519482714871,1195.659902502756,1129.9149025027561,0.0,1160.6699655830766,1,NSE_EQ|INE192A01025,1.7614765621212873,1202.8,1108.4,True,False,False,True,2.2663120613210594,-0.19850371084748997,2.4648157721685493,False,True,True,55.92417061611372,False,False,True,2.266438733138557,-0.1983174287661894,2.4647561619047464,False,True,True,0,0,0.04661210418154475,0,0.00036857023491558387,True,True,False,0,1163.3000000000002,False,0,0,True,0,0,0,4.2092710856251525,0,-0.2892372625866747,0,True,False,True,True,False,True,False,False,Neutral,0,0,,,13.54
2025-12-19,WIPRO,267.51,273.1,266.8,272.67,14651313.0,257.5488518657584,252.1417584608075,484.8310614699958,81.45546501826362,4.497760100056951,3.991756386002508,0.5060037140544424,4.197142857142855,256.0595,269.89949048091006,243.04150951908997,0.10472152142963845,273.1,244.0,1.7352155430444502,0.0101843151149177,11.526033784612878,263.7056018657584,251.39210186575843,0.0,247.18610908861788,1,NSE_EQ|INE075A01022,1.5392756288344351,273.1,236.0,False,True,False,True,5.153412410864064,4.122792589680115,1.030619821183949,False,True,True,81.45546501826362,True,False,True,5.153486595783448,4.1229016851478075,1.0305849106356408,False,True,True,0,0,0.05992761217633199,0,0.003035251367302497,True,False,False,0,258.55,False,0,0,False,0,0,0,5.29759062155213,1,-0.596074364861862,0,False,False,True,True,False,True,False,False,Overbought,0,0,,,33.35
2025-12-19,DIVISLAB,6500.0,6543.0,6450.5,6511.5,255434.0,6411.483993732408,6410.221285582309,5587.814598031188,56.07923497267749,-24.70508879605404,-27.9631816107088,3.258092814654759,123.85714285714286,6404.7,6552.5416910294925,6260.158308970508,0.0456396203858647,6568.0,6265.0,1.2295909771395839,0.2494955018793517,2.1732308175113735,6588.446493732407,6234.521493732408,0.0,6388.870762597513,1,NSE_EQ|INE361B01024,1.9021291999868364,6904.5,5675.0,True,False,False,True,-22.071737316226063,-27.435402285193046,5.363664968966983,True,False,True,56.07923497267759,False,False,True,-22.07261016357552,-27.436685884213098,5.3640757206375795,True,False,True,1,0,0.04797168915394142,0,-0.0019652196338235924,True,False,True,0,6416.5,False,0,0,True,0,0,1,8.763202426762398,0,15.985783226816224,1,True,False,True,True,True,True,False,False,Neutral,0,0,2025-02-25,,33.65
2025-12-19,CIPLA,1513.0,1522.5,1508.2,1512.9,757496.0,1510.554696898701,1523.3912204418189,2017.474204735937,45.81280788177308,-6.359199986710109,-7.385445519173699,1.02624553246359,19.33571428571432,1510.53,1534.3487196371173,1486.2912803628826,0.0318193755457351,1536.3,1484.8,0.6821689900459537,0.0584255037278945,0.07276094721524462,1539.347196898701,1481.762196898701,0.0,1532.393905182865,0,NSE_EQ|INE059A01026,1.2780563345703166,1673.0,1484.8,True,False,False,False,-6.694974509098984,-7.4535302240256645,0.7585557149266808,True,False,True,45.81280788177348,False,False,False,-6.694242721752971,-7.452454066182272,0.7582113444293004,True,False,True,0,0,0.03240293217319385,0,-0.0020375230710536203,True,True,False,0,1510.55,False,0,0,True,0,0,0,0.6512277232147093,0,-0.7425289312457454,0,False,False,True,False,True,True,False,False,Neutral,0,0,,2025-03-04,13.96
2025-12-19,HCLTECH,1651.9,1673.5,1644.0,1670.3,1339691.0,1647.890246962874,1600.2400638573808,1780.4919170944468,58.11611374407534,21.193564743213077,27.39836175336519,-6.204797010152117,26.72857142857143,1649.5700000000002,1701.4542390753118,1600.4757609246876,0.0611633063999686,1695.4,1592.6,0.5850233070929891,0.0632509704849343,3.874378109452725,1687.1452469628741,1608.635246962874,1.0,1557.5278353355047,1,NSE_EQ|INE860A01027,1.60022579348449,1695.4,1380.4,False,False,False,True,23.419019449195275,27.843215959000105,-4.42419650980483,False,True,True,58.1161137440758,False,False,True,23.419205768854,27.843489958493375,-4.424284189639376,False,True,True,0,0,0.0713579917526598,0,-0.0024298134673925572,False,True,False,0,1644.0,False,0,0,False,0,0,0,7.408259371524958,0,-0.405714082402334,0,True,False,True,True,False,True,False,False,Neutral,0,0,,,12.56
2025-12-19,GRASIM,2812.7,2858.0,2798.1,2809.7,796031.0,2780.767464973155,2784.9356151145093,3228.4752698738457,70.75371549893813,9.455311705108215,-0.5515743022285564,10.006886007336773,41.042857142857166,2759.07,2845.5589388828766,2672.301061117123,0.06279893935901006,2858.0,2679.4,1.625937264755087,0.1083130507116889,2.7387743162205602,2843.5724649731546,2717.962464973155,1.0,2791.1467359130093,1,NSE_EQ|INE047A01021,1.4607558509042662,2977.8,2675.7,False,True,False,True,9.231177228804881,-0.5973829212066166,9.828560150011498,False,True,False,70.75371549893842,True,False,True,9.23194988174646,-0.5962466669009077,9.828196548647366,False,True,False,0,0,0.049685655807624365,0,-0.0027841679846856058,True,False,False,0,2768.7,False,0,0,False,0,0,0,1.43783225775899,1,-0.5925904444283332,0,False,False,False,True,False,True,False,False,Overbought,0,0,,2025-03-04,30.73
2025-12-19,SBIN,981.1,983.0,972.55,974.3,5959037.0,965.4808655266952,942.3743852212637,994.0263412697285,50.59820538384752,6.773337468739896,7.170808343397458,-0.3974708746575617,13.832142857142856,968.25,988.122910425005,947.7770895749951,0.04168171997521554,999.0,944.45,0.6207792009860817,0.0377526341733933,0.174789224758376,987.2046155266951,943.7571155266953,1.0,932.0431199551192,1,NSE_EQ|INE062A01020,1.4197005909004266,999.0,857.25,False,False,False,True,6.294494413179791,7.074772175724201,-0.7802777625444097,False,True,True,50.59820538384842,False,False,True,6.294704990107448,7.075081847670968,-0.7803768575635202,False,True,True,0,0,0.0467519932478589,0,-0.0021638312560017187,True,True,False,0,971.725,False,0,0,False,0,0,0,8.41022220259973,0,-0.4616532213504255,0,True,False,True,True,False,True,False,False,Neutral,0,0,,2025-03-04,12.89
2025-12-19,POWERGRID,259.1,265.6,259.05,265.0,10054250.0,266.495557618528,273.20362663275836,284.67075062944184,41.3407821229011,-4.193722355656632,-4.010606524821506,-0.1831158308351259,4.192857142857146,267.055,277.1275658428488,257.1374341571513,0.07483227119761734,279.05,255.8,0.9003393856592844,0.010145803807998,-4.538904899135455,272.89305761852785,260.0980576185281,1.0,278.2289395481094,0,NSE_EQ|INE752E01010,1.5822102425876023,296.65,255.8,False,False,False,False,-4.070072550282475,-3.985872648140232,-0.08419990214224349,False,False,True,41.34078212290508,False,False,False,-4.070075632009889,-3.985877180092158,-0.08419845191773101,False,False,True,0,0,0.04757972274678127,0,-0.0029189958037882644,True,False,False,0,267.425,True,0,0,False,0,0,0,0.947533959464258,0,0.08878754262705946,0,False,False,True,False,False,False,False,False,Neutral,0,0,2025-07-23,2025-07-29,17.42
2025-12-19,SHREECEM,25850.0,25850.0,25605.0,25700.0,13917.0,26298.24912983332,27187.79004822083,25138.58586181866,38.44911147011309,-404.1141233979433,-421.9954343550837,17.881310957140386,483.92857142857144,26260.5,26937.7773550468,25593.2226449532,0.051190904802634704,26975.0,25535.0,0.39142669503621896,0.9858894571446176,-2.945619335347427,26955.99912983332,25640.49912983332,0.0,27657.788582239413,0,NSE_EQ|INE070A01015,1.8829905503057254,30285.0,25535.0,False,False,False,False,-396.13243185680403,-420.3933992833889,24.26096742658484,False,False,False,38.44911147011309,False,False,False,-396.13691542073866,-420.39999275964277,24.26307733890411,False,False,False,0,0,0.03946986409288423,0,-0.004015725891305456,True,True,True,0,26255.0,True,0,0,False,0,0,0,-1.4931789638505162,0,28.81092680663496,0,False,False,False,False,False,False,False,False,Neutral,0,0,2025-02-24,,8.61
2025-12-19,EICHERMOT,7238.0,7310.0,7213.0,7291.5,233966.0,7126.991479215589,6989.576312304804,6318.360856629184,59.55120828538542,47.270247045461474,55.425691132876224,-8.15544408741475,122.96428571428571,7148.75,7310.490147507967,6994.459852492034,0.04418474654101315,7328.5,6956.0,0.47583993631766974,0.2779361020395588,2.200574672366673,7323.678979215589,6930.303979215589,1.0,7014.763595278018,1,NSE_EQ|INE066A01021,1.6864058933591952,7328.5,6670.0,True,False,False,True,53.21303601438649,56.613955453697876,-3.4009194393113873,False,True,True,59.5512082853855,False,False,True,53.21326698848043,56.61429512148002,-3.401028132999592,False,True,True,1,1,0.03433064954369269,0,-0.0009167762631115503,True,True,True,0,7142.25,False,0,0,True,0,0,1,4.68959253502836,0,0.18909001956947158,1,True,False,True,True,False,True,False,False,Neutral,0,0,2025-06-30,2025-06-04,20.42
2025-12-19,BRITANNIA,6102.5,6102.5,6066.0,6083.0,206588.0,5948.689651460569,5915.787716395011,5290.077760104561,66.42291285801338,45.194144519613474,16.559335117323855,28.63480940228962,111.14285714285714,5912.625,6107.207766164969,5716.042233835031,0.06616886766835486,6145.0,5780.0,0.816183818749258,0.235034506131,4.644761740925518,6096.214651460568,5801.164651460569,0.0,5928.3830351283605,1,NSE_EQ|INE216A01030,1.8271059862379935,6261.5,5723.0,False,False,False,True,43.59914769931129,16.240900879310143,27.358246820001145,False,True,True,66.4229128580134,False,False,True,43.59870292417236,16.24024679823563,27.358456125936726,False,True,True,1,0,0.05789815280785983,0,-0.0002601879240425188,True,False,True,0,5962.5,False,0,0,False,0,0,1,1.7370730222094906,1,2.132337796086509,1,True,False,True,True,False,True,False,False,Neutral,0,0,2025-02-24,,26.59
2025-12-19,SUNPHARMA,1744.9,1773.2,1743.1,1769.8,1467257.0,1780.4458889303369,1754.569966997733,4778.30499864719,41.288229842446675,6.462504688606032,16.57196142861427,-10.109456740008238,28.078571428571454,1793.105,1832.744380045599,1755.9556199544008,0.04279475023891556,1849.0,1736.0,0.7154297730341872,0.0671983794442048,-0.5562735292465093,1821.905888930337,1738.9858889303368,0.0,1711.2190026794067,1,NSE_EQ|INE044A01036,1.5865392376862613,1849.0,1600.0,False,False,False,False,8.444754309128484,16.963233495093352,-8.518479185964868,False,True,True,41.288229842446675,False,False,False,8.44882947493079,16.96922638587922,-8.520396910948431,False,True,True,0,0,0.049493606595867004,0,-0.0018934311788960268,True,True,False,0,1792.5,True,0,0,False,0,0,0,5.683605262578149,0,-0.9399762591148041,0,False,False,True,False,False,False,False,False,Neutral,0,0,,2025-02-27,14.49
2025-12-19,RELIANCE,1573.5,1577.5,1565.3,1575.4,10184852.0,1542.3853199031882,1507.4218886186868,1292.1033866824641,53.69340746624245,12.815324153242727,15.350439652907015,-2.535115499664288,21.457142857142863,1548.35,1575.5121900238987,1522.2178099761013,0.03440866702249544,1581.3,1517.6,1.0354351859825435,0.0602740464600406,1.862149230570287,1575.137819903188,1509.6328199031884,1.0,1476.7567000033614,1,NSE_EQ|INE002A01018,1.362012368740819,1581.3,1356.9,False,False,False,True,13.63713183181244,15.514998456229778,-1.8778666244173383,False,True,True,53.69340746624311,False,False,True,13.636976574895243,15.514770137237518,-1.8777935623422746,False,True,True,1,0,0.04588639576418408,0,-0.0014824530994528204,True,False,True,0,1549.4499999999998,False,0,0,False,0,0,1,8.046658168189822,0,4.5055041062379875,1,True,False,True,True,False,True,False,False,Neutral,0,0,2025-02-24,,30.22
2025-12-19,ONGC,233.79,235.28,232.77,234.18,4614185.0,239.09608181470307,242.4650138764233,296.59500395673695,27.311461440130643,-3.808939724154357,-3.0274288850248428,-0.7815108391295138,3.818571428571425,239.867,249.43945844698595,230.42354155301405,0.07925560792964619,248.8,228.61,0.621668756518528,0.0089688982685316,-5.17108726462846,244.65358181470293,233.5385818147032,0.0,245.72425991145067,0,NSE_EQ|INE213A01029,1.6306138135500148,258.5,228.61,False,False,True,False,-3.706048537718374,-3.0068694479579867,-0.6991790897603871,False,False,True,27.31146144013627,False,True,False,-3.706033741248376,-3.0068476884436466,-0.6991860528047296,False,False,True,0,0,0.050734126551745536,0,0.00143510108009953,True,True,False,0,238.705,True,0,0,False,0,0,0,5.100046174803077,0,-0.3027244305493524,0,False,False,True,False,False,False,False,False,Oversold,0,0,,,12.48
2025-12-19,ITC,401.6,403.65,401.2,402.7,6847871.0,402.74988394109033,405.46073491617295,546.7802731101067,46.88128772635422,-1.529014247555608,-1.5467839990344143,0.0177697514788064,3.8428571428571354,402.1825,405.37374809177004,399.15625190822993,0.01545621961527875,408.8,398.2,0.7819970741818534,0.0154449596401503,-1.2627191369376067,408.8211339410903,396.67863394109037,1.0,406.415848358786,0,NSE_EQ|INE154A01025,0.9542729433466938,426.4,396.2,True,False,False,False,-1.397583817445252,-1.520743773754095,0.12315995630884302,True,False,True,46.8812877263581,False,False,False,-1.3973903159316592,-1.5204592127096248,0.12306889677796562,True,False,True,0,0,0.023211427161635243,0,-0.002272352460201397,True,True,False,0,403.5,True,0,0,True,0,0,0,1.9289983125564047,0,-0.7331875703968727,0,False,False,True,False,True,True,False,False,Neutral,0,0,,2025-02-28,15.6
2025-12-19,SBILIFE,2027.7,2031.1,2013.1,2022.3,526892.0,2007.925532377625,1964.9678219846494,1786.269176639226,64.92054149499671,16.2199645628516,18.55217351847145,-2.332208955619848,33.778571428571404,2009.8,2051.9884657445896,1967.001534255411,0.04229268124040054,2086.6,1951.2,0.6579654647177989,0.078116334955943,-0.009888751545117369,2064.790532377625,1951.0605323776251,0.0,1926.9092614539536,1,NSE_EQ|INE123W01016,1.6703046743100136,2086.6,1757.7,True,False,False,True,15.733346820001088,18.454839733736634,-2.7214929137355455,False,True,True,64.92054149499708,False,False,True,15.733354876241947,18.454851581149516,-2.721496704907569,False,True,True,1,0,0.040157350578936823,0,-0.0022079119704622387,True,True,True,0,2018.9,False,0,0,True,0,0,1,9.22276287252311,0,0.4677747133110757,1,True,False,True,True,False,True,False,False,Neutral,0,0,,,23.44
2025-12-19,NTPC,319.95,323.65,319.5,320.7,8925871.0,323.4721340209762,328.1793755036886,656.0852120152649,37.7394636015282,-2.554520221220912,-2.5714851603798,0.0169649391588881,4.446428571428555,323.25750000000005,328.9099367681197,317.68506323188035,0.03471995155000991,329.95,315.55,1.2352639690760494,0.0123197670836157,-1.8215215061992973,329.8433840209761,317.10088402097637,0.0,332.89605309679627,0,NSE_EQ|INE733E01010,1.3864760122945292,350.0,315.55,True,False,False,False,-2.49085424796948,-2.558944701974663,0.06809045400518299,False,False,True,37.739463601532535,False,False,False,-2.4907025574032104,-2.5587216276162597,0.0680190702130492,False,False,True,0,0,0.033585090410880265,0,-0.002529308743013676,True,False,False,0,322.75,True,0,0,True,0,0,0,1.8202714203340657,0,-0.730005051355447,0,False,False,True,False,False,False,False,False,Neutral,0,0,,,23.51
2025-12-19,INFY,1664.0,1693.2,1664.0,1689.6,23098923.0,1592.3641115071146,1553.7292874439006,1450.9942456478236,78.26282628262808,25.04376070156036,23.3501180159098,1.6936426856505626,29.478571428571463,1586.925,1658.352786782333,1520.587213217667,0.08667390612258541,1693.2,1525.9,2.748443380426002,0.0631084786493314,9.359223300970875,1634.5591115071145,1550.1691115071146,1.0,1529.7042035294553,1,NSE_EQ|INE009A01021,1.744707115800868,1693.2,1427.4,False,True,False,True,29.10431142037487,24.162421109185292,4.941890311189578,False,True,True,78.26282628262827,True,False,True,29.10415956195925,24.162197787989573,4.941961773969677,False,True,True,1,0,0.0681630013231285,0,0.0008151021646561369,True,False,True,0,1609.5500000000002,False,0,0,False,0,0,1,4.822845933028393,1,1.2553560702129078,1,False,False,True,True,False,True,False,False,Overbought,0,0,2025-02-27,,60.88
2025-12-19,ADANIENT,2260.0,2274.0,2245.9,2263.5,599195.0,2280.7392950153794,2350.848330490869,2372.9293819727577,50.17955470433325,-42.89111141203375,-48.71764854686532,5.826537134831568,53.12142857142859,2260.885,2356.9445018273514,2167.275498172648,0.08384605684723705,2432.3,2172.2,0.4625526643414041,0.0862268161932343,-6.555752796928549,2364.7392950153794,2196.7392950153794,1.0,2416.1497089001446,0,NSE_EQ|INE423A01024,2.3468711540282126,2617.3,2172.2,False,False,False,True,-40.93669545761804,-48.32676535598218,7.390069898364139,False,False,True,50.17955470433325,False,False,True,-40.93669545761804,-48.32676535598218,7.390069898364139,False,False,True,0,0,0.08090195997336332,0,-0.0007241789653130527,True,True,False,0,2302.25,True,0,0,False,0,0,0,6.36812327895838,0,0.0,0,True,False,True,True,False,True,False,False,Neutral,0,0,2025-03-04,2025-12-10,9.57
2025-12-19,UPL,753.05,779.0,752.1,776.55,3673981.0,750.0507272382733,738.3688388336083,2029.7012372040904,60.015588464536215,3.6283362974810416,5.264191047105576,-1.635854749624534,17.510714285714275,749.745,770.867406079023,731.122593920977,0.052922871867383925,779.0,729.6,1.6055438483437565,0.0289431727155092,3.422787507491498,775.7794772382733,724.3219772382733,0.0,727.6965244382787,1,NSE_EQ|INE628A01036,2.2549371303475985,779.0,651.3,True,False,False,True,5.620834801827414,5.6603992548997955,-0.03956445307238177,False,True,True,60.015588464536215,False,False,True,5.622638291783005,5.663051445965968,-0.04041315418296332,False,True,True,0,0,0.05028333664409527,0,-0.004754762649198503,True,False,False,0,754.3,False,0,0,True,1,1,0,10.305178654416283,0,-0.936306594488189,0,True,False,True,True,False,True,False,False,Neutral,0,0,,2025-02-28,30.43
2025-12-19,JSWSTEEL,1085.0,1100.3,1077.7,1094.9,1086319.0,1119.958233772027,1132.4518883394412,1024.2428125053727,31.56046161565422,-19.833259152959272,-14.348948331073476,-5.484310821885796,26.707142857142838,1123.66,1185.6018058824613,1063.2481941175386,0.10881438225308294,1185.0,1073.2,0.5517889270298193,0.0415768069505206,-3.9814084012978923,1161.2982337720268,1078.618233772027,0.0,1151.6455256161055,0,NSE_EQ|INE019A01038,2.439231240948291,1223.9,1073.2,False,False,False,False,-18.612653896385382,-14.104709831589059,-4.507944064796323,False,False,True,31.56046161565486,False,False,False,-18.612746332446477,-14.104845766970918,-4.507900565475559,False,False,True,0,0,0.06787896180679862,0,0.00207528569020706,True,True,True,0,1129.1,True,0,0,False,0,0,0,5.7202231548876235,0,1.7379344836209056,0,False,False,True,False,False,False,False,False,Neutral,0,0,2025-03-10,,11.34
2025-12-19,INDUSINDBK,845.0,862.8,840.9,856.4,2387606.0,842.1397108638254,823.0298504924358,895.6322290955759,53.578336557059316,5.349056662108865,8.931344108359689,-3.582287446250824,20.303571428571438,846.5575000000001,867.6590985189274,826.6259014810724,0.04843718387149147,874.4,826.0,0.8146446925832052,0.0325305009550804,1.163546157935147,871.5622108638254,812.7172108638254,1.0,792.2480300067282,1,NSE_EQ|INE095A01012,2.3708046974044183,892.35,726.0,True,False,False,True,6.282333936901523,9.117928335997462,-2.835594399095939,False,True,True,53.57833655705996,False,False,True,6.282389995442259,9.118010775026368,-2.8356207795841097,False,True,True,0,0,0.05094791554892709,0,-0.005382971715641173,True,False,False,0,850.2,False,0,0,True,0,0,0,9.181049524164262,0,-0.377706728673158,0,True,False,True,True,False,True,False,False,Neutral,0,0,,,16.37
2025-12-19,ADANIPORTS,1497.5,1515.0,1497.5,1508.7,1116833.0,1498.6570629197297,1476.2146832984495,1539.7103215164711,43.75715922107676,5.92548319705179,9.484450746418071,-3.5589675493662813,24.14285714285716,1502.795,1530.102628590195,1476.717371409805,0.03550944664488729,1549.0,1460.9,0.6678597050489073,0.0576283196746564,1.9529666171104187,1535.4145629197296,1461.8995629197298,1.0,1465.9718192515638,1,NSE_EQ|INE742F01042,1.6002424035830292,1549.0,1386.0,True,False,False,False,6.9064782308205395,9.680393669386286,-2.773915438565746,False,True,True,43.75715922107676,False,False,False,6.906679778248417,9.680690062657398,-2.7740102844089805,False,True,True,0,0,0.04969891789294319,0,-0.002355157319318316,True,True,False,0,1504.95,False,0,0,True,0,0,0,4.92615858409668,0,-0.4065843297671492,0,False,False,True,False,False,False,False,False,Neutral,0,0,,,13.86
2025-12-19,ULTRACEMCO,11496.0,11548.0,11431.0,11532.0,170807.0,11599.947419556782,11782.555668183295,10812.083980996676,44.396551724137936,-84.72447647256013,-95.42378115415916,10.699304681599031,159.64285714285714,11574.15,11792.099534009938,11359.800465990063,0.037344586666310284,12021.0,11266.0,0.7832729470537442,0.4427259843490048,-1.679597578651204,11858.697419556782,11341.197419556782,1.0,11864.38957615581,0,NSE_EQ|INE481G01011,1.384346662702542,12448.0,11266.0,True,False,False,False,-81.85150242235613,-94.84768809392996,12.996185671573826,False,False,True,44.396551724137936,False,False,False,-81.85268160076703,-94.84942217980054,12.996740579033514,False,False,True,0,0,0.04066649230542133,0,1.3045739626269676e-06,True,True,True,0,11643.5,True,0,0,True,0,0,0,-1.3652361490446105,0,2.247901763082296,0,False,False,True,False,False,False,False,False,Neutral,0,0,,,15.59
2025-12-19,KOTAKBANK,2170.0,2176.0,2147.1,2149.7,1808226.0,2146.646540516644,2123.165923160373,1955.6441045500364,50.652579241764485,16.27398542873516,14.288873247387524,1.985112181347635,31.650000000000034,2141.43,2204.272053905298,2077.607946094702,0.05916284800629436,2205.0,2066.7,0.6269204841051836,0.0831651672931172,2.964843375802273,2195.749040516644,2097.544040516644,0.0,2117.748309196186,1,NSE_EQ|INE237A01028,1.4722984602502691,2266.0,1986.0,False,False,False,True,15.492356852240846,14.132722625843222,1.359634226397624,False,True,False,50.65257924176503,False,False,True,15.492219046968785,14.132519971034249,1.359699075934536,False,True,False,1,0,0.05049438186496527,0,8.579538257750749e-06,False,True,True,0,2135.85,False,0,0,False,0,0,1,7.783320556173337,0,0.8292205582028589,1,True,False,False,True,False,True,False,False,Neutral,0,0,,,23.14
2025-12-19,ICICIBANK,1358.0,1371.3,1354.8,1368.5,9375294.0,1369.8330496887381,1376.0989109612694,1509.1439257569775,40.68965517241287,-4.620046983628299,-1.6358062537272255,-2.9842407299010736,16.928571428571427,1373.245,1400.9624871954657,1346.9675128045342,0.039298653452548994,1400.0,1343.1,1.022381965682249,0.0521481606999815,-0.07301935012777871,1395.393049688738,1344.2730496887382,1.0,1370.272991120819,0,NSE_EQ|INE090A01021,1.2370165457487343,1445.0,1317.4,False,False,False,False,-3.4715165725449424,-1.4063384546181859,-2.0651781179267568,False,False,True,40.689655172413794,False,False,False,-3.471329034910468,-1.4060626639836595,-2.0652663709268086,False,False,True,0,0,0.039287031293366075,0,-0.000657552103708502,True,False,False,0,1371.55,True,0,0,False,0,0,0,0.9080162560125742,0,-0.45642675564029234,0,False,False,True,False,False,False,False,False,Neutral,0,0,,2025-02-28,19.92
2025-12-19,APOLLOHOSP,7014.0,7104.0,7013.0,7054.0,358776.0,7154.413937405193,7352.252431238907,6607.587679362741,33.81843381843373,-141.0398152165617,-137.58581596825195,-3.453999248309742,112.42857142857143,7157.325,7450.720695056746,6868.079304943253,0.08138131548921598,7421.0,6881.0,1.0674457836343783,0.2700605397744777,-4.559599512921119,7311.613937405193,6997.213937405193,0.0,7486.91354990744,0,NSE_EQ|INE437A01024,1.5938272104986027,8099.5,6881.0,False,False,False,False,-137.72849357944324,-136.92256016708131,-0.8059334123619237,False,False,True,33.81843381843382,False,False,False,-137.72927390602035,-136.9237077061437,-0.8055661998766652,False,False,True,0,0,0.0676247550109324,0,-0.0008160496271889083,True,False,True,0,7151.0,True,0,0,False,0,0,0,0.7326991332341372,0,4.054456864431069,0,False,False,True,False,False,False,False,False,Neutral,0,0,2025-02-24,,20.35
2025-12-19,TITAN,3940.0,3950.8,3917.1,3933.8,569521.0,3868.939553374559,3792.425331373545,3363.2832719199,54.86128467883031,30.88872917927665,28.24813575492984,2.6405934243468145,60.87142857142859,3869.5,3960.367935773831,3779.002064226169,0.046868381159619506,3950.8,3751.0,0.8241750051916046,0.1513532873251586,0.758157881256083,3958.827053374559,3779.0520533745594,0.0,3658.440652635085,1,NSE_EQ|INE280A01028,1.5473951032444095,3956.0,3351.0,False,False,False,True,31.184153329707442,28.3075604105336,2.8765929191738415,False,True,True,54.86128467883031,False,False,True,31.183885874433145,28.307167093961137,2.8767187804720074,False,True,True,1,0,0.04813118567884785,0,-0.0012254698333102696,True,False,True,0,3850.9,False,0,0,False,0,0,1,7.904525585033135,0,1.6822582844674763,1,True,False,True,True,False,True,False,False,Neutral,0,0,2025-02-28,,26.42
2025-12-19,LT,4081.0,4098.5,4068.5,4072.4,764774.0,4030.283855263226,3953.5685624765088,3513.3136705617712,49.899040888439984,26.72036306068094,28.703171857913564,-1.9828087972326247,60.27857142857147,4036.15,4109.909346769773,3962.280653230227,0.0365771106823665,4140.0,3949.1,0.5473205002542035,0.1568758087374453,1.1801535441874345,4121.281355263226,3939.286355263226,0.0,3909.715861526252,1,NSE_EQ|INE018A01030,1.4801731516690764,4140.0,3615.0,True,False,False,False,26.632796983391017,28.68589142750496,-2.053094444113942,False,True,True,49.89904088844022,False,False,False,26.632613772932018,28.68562200036378,-2.0530082274317607,False,True,True,1,0,0.04754986607874266,0,-0.0006974625268692629,True,True,True,0,4044.55,False,0,0,True,0,0,1,5.882872839876137,0,0.898908887438217,1,False,False,True,False,False,False,False,False,Neutral,0,0,,,21.6
2025-12-19,HDFCBANK,988.0,992.9,983.9,987.7,13540411.0,993.8617879079595,991.8260552270586,1084.303776762665,41.76201372997592,-1.7725563498895551,0.5772684930680199,-2.349824842957575,12.557142857142862,996.7125,1012.616985187463,981.028014812537,0.03168966428318584,1017.5,973.3,0.7741326387931595,0.0379528929693758,-1.037022193276882,1014.7755379079596,972.9480379079595,0.0,987.8156407030617,0,NSE_EQ|INE040A01034,1.27135191425968,1020.5,946.0,True,False,False,False,-1.5971887371977118,0.6121756158081597,-2.2093643530058715,False,False,True,41.76201372997713,False,False,False,-1.5970577743910326,0.6123682081677244,-2.209425982558757,False,False,True,0,0,0.0313563969877299,0,1.1314851247870919e-05,True,True,False,0,995.4,True,0,0,True,0,0,0,2.16714826793214,0,-0.33555331315169856,0,False,False,True,False,False,False,False,False,Neutral,0,0,,,15.48
2025-12-19,HINDUNILVR,2280.0,2295.0,2280.0,2289.5,790773.0,2343.0654233923105,2410.3666765319767,2285.956922071094,25.11376564277552,-49.84809793144177,-43.02398529624942,-6.82411263519235,48.442857142857164,2362.8499999999995,2526.9567415458973,2199.6932584541023,0.13847586899465586,2488.0,2244.7,0.40159365196283314,0.0878057797769425,-5.9251345687636015,2405.5929233923107,2280.5379233923104,0.0,2447.2402737433413,0,NSE_EQ|INE030A01027,2.1158705893364127,2667.2,2244.7,False,False,True,False,-49.09003060450641,-42.87207633130465,-6.217954273201762,False,False,True,25.113765642775903,False,True,False,-49.09026317360713,-42.872418344682494,-6.217844828924633,False,False,True,0,0,0.04529035028291221,0,0.0041044389169849,True,True,True,0,2366.35,True,0,0,False,0,0,0,-0.9522522001710807,0,1.9576282134091203,0,False,False,True,False,False,False,False,False,Oversold,0,0,2025-03-13,,8.55
2025-12-19,TECHM,1615.9,1649.8,1612.8,1646.7,1466208.0,1556.1296384810282,1515.0999041351122,1675.5121792583122,78.55750487329435,33.863717824681544,31.11719059127218,2.7465272334093638,26.342857142857174,1553.9900000000002,1632.5389703627804,1478.8610296372196,0.09878378911458559,1649.8,1461.8,0.8258298010790082,0.0620994824080349,12.671912418747855,1596.5171384810283,1515.7421384810282,1.0,1471.2466694545903,1,NSE_EQ|INE669C01036,1.5997362690749484,1649.8,1383.6,False,True,False,True,36.59166532016002,31.66245274526352,4.9292125748965,False,True,True,78.55750487329435,True,False,True,36.591922952886534,31.662831616913177,4.929091335973357,False,True,True,0,0,0.06324637571196882,0,0.0017666530391189047,True,False,False,0,1555.8,False,0,0,False,0,0,0,8.084632810677341,1,-0.462161544240128,0,False,False,True,True,False,True,False,False,Overbought,0,0,,2025-03-07,17.49
2025-12-19,M&M,3600.0,3625.0,3576.9,3616.7,1400786.0,3648.940688146003,3618.7926663513012,3419.0819370381823,35.988332959389425,-12.24997723596698,1.5677174311602586,-13.817694667127238,62.285714285714285,3665.28,3758.1369128671204,3573.7330871328795,0.050301990006435156,3795.0,3540.1,0.6911522597297995,0.1387793456158728,-3.544378066993814,3741.2806881460033,3556.600688146003,1.0,3609.037136133789,0,NSE_EQ|INE101A01026,1.7221697759204326,3795.0,3395.7,False,False,False,False,-11.20517758330061,1.7764047031864147,-12.981582286487026,False,False,True,35.988332959389695,False,False,False,-11.204962990952936,1.776720280163068,-12.981683271116005,False,False,True,0,0,0.0500156542118575,0,-0.0022048893203619174,True,True,True,0,3667.55,True,0,0,False,0,0,0,5.470707354510683,0,-0.040459513955215964,0,False,False,True,False,False,False,False,False,Neutral,0,0,2025-08-21,2025-03-18,13.83
2025-12-19,HINDALCO,860.0,872.35,857.25,864.55,4865457.0,828.950692156086,807.7413828187016,1251.1079092210912,71.80527383367098,13.679805109438462,10.229792713603535,3.450012395834925,16.789285714285718,821.0899999999999,868.2738413518422,775.1611586481578,0.11331471302933722,872.35,771.85,1.1578794134622001,0.0328116334955943,11.167545325961159,852.744442156086,805.156942156086,0.0,801.9479261926525,1,NSE_EQ|INE038A01020,1.941968158496989,872.35,754.45,False,True,False,True,14.680079536159496,10.428748318531513,4.251331217627984,False,True,True,71.8052738336714,True,False,True,14.680944710578046,10.430020633831454,4.250924076746593,False,True,True,0,0,0.06396413023499216,0,-0.0009819280508731147,True,False,False,0,822.1,False,0,0,False,0,0,0,6.411342931443109,1,-0.8431513062409288,0,False,False,True,True,False,True,False,False,Overbought,0,0,,2025-03-07,23.19
2025-12-19,AXISBANK,1235.0,1236.9,1226.8,1233.2,2405809.0,1256.168036871899,1236.6743046020345,1431.3372355863653,36.29916183107634,-1.7052882677960497,6.82685671854772,-8.53214498634377,20.350000000000023,1266.8,1311.016331567962,1222.8436684320377,0.06959552866845388,1304.0,1216.9,0.5346834057343103,0.0473920142953971,-3.339081360714835,1286.633036871899,1225.7030368718988,0.0,1220.2229784041429,0,NSE_EQ|INE238A01034,1.650178397664614,1304.0,1131.0,False,False,False,False,-1.4981745174011394,6.867906351488461,-8.3660808688896,False,False,True,36.29916183107672,False,False,False,-1.4978808603887046,6.868338200029189,-8.366219060417894,False,False,True,0,0,0.06255127479258461,0,0.0003276511257457766,True,True,False,0,1260.45,True,0,0,False,0,0,0,8.20473490087626,0,-0.47217942133196367,0,False,False,True,False,False,False,False,False,Neutral,0,0,,,11.1
2025-12-19,TCS,3310.0,3328.6,3291.0,3324.9,2632816.0,3201.4480639874123,3143.169368806307,2794.4303769605885,78.18663526641156,41.938194883890446,38.10843452360108,3.82976036028937,49.95000000000001,3193.81,3304.1752135919996,3087.734786408001,0.06772323990293934,3328.6,3115.0,0.9710601992807899,0.1263941093104935,5.532279565797005,3272.8555639874126,3130.040563987412,0.0,3076.2859113465493,1,NSE_EQ|INE467B01029,1.5023008210773259,3328.6,2866.6,False,True,False,True,45.36099229307456,38.793724831209595,6.567267461864965,False,True,True,78.18663526641156,True,False,True,45.36041710611289,38.792878968045564,6.567538138067327,False,True,True,1,0,0.056895625535664976,0,7.536322208639354e-05,True,False,True,0,3221.8,False,0,0,False,0,0,1,4.58754902790417,1,17.84650266409704,1,False,False,True,True,False,True,False,False,Overbought,0,0,2025-02-24,,29.38
2025-12-19,MARUTI,16464.0,16693.0,16414.0,16649.0,271590.0,16221.519619626451,15941.904423938917,13202.222287933464,63.5161606268364,127.92310225286384,105.62626067360328,22.296841579260544,235.71428571428572,16170.3,16618.037674864143,15746.062325135856,0.053885345165061736,16693.0,15842.0,0.9055925063795607,0.6321245917801466,4.206046191400148,16583.31961962645,15859.719619626452,1.0,16050.86670880211,1,NSE_EQ|INE585B01010,1.41578644792051,16693.0,15260.0,False,False,False,True,146.67096759593733,109.3776463590823,37.29332123685502,False,True,True,63.51616062683644,False,False,True,146.66954099930263,109.37554842289104,37.29399257641158,False,True,True,1,0,0.04541788378095295,0,-0.001157517721897611,True,False,True,0,16267.5,False,0,0,False,0,0,1,5.617652781998711,0,3.8357489325859015,1,True,False,True,True,False,True,False,False,Neutral,0,0,,,28.13
2025-12-19,HEROMOTOCO,5793.5,5793.5,5681.0,5699.5,1213460.0,5935.075622436985,5774.09285166223,4584.549293842041,18.365180467091136,10.54099389520161,76.65299392100611,-66.1120000258045,137.96428571428572,6064.95,6437.237629583694,5684.512370416306,0.12419415664691777,6388.5,5513.0,1.6112007838116185,0.2226338653028529,-5.0478967097042915,6129.588122436985,5740.563122436985,0.0,5666.550975006536,0,NSE_EQ|INE158A01026,2.4206384018648253,6388.5,5252.5,False,False,True,False,4.0400813944243055,75.35346196283763,-71.31338056841332,False,True,False,18.365180467091292,False,True,False,4.039569393777128,75.35270902072122,-71.31313962694409,False,True,False,0,0,0.06230075849557418,0,-0.0013866977282753171,True,False,True,0,5950.75,True,0,0,False,0,0,0,7.75682886951453,0,6.555511367402399,0,False,False,False,False,False,False,False,False,Oversold,0,0,2025-02-24,,29.85
2025-12-19,BAJAJ-AUTO,9010.0,9185.0,8997.5,9164.0,377385.0,8995.982815064592,8953.506387842648,7757.581949957687,52.99295774647883,-5.74440975539801,10.58010925168815,-16.32451900708616,152.32142857142858,9020.7,9194.055591513508,8863.54440848649,0.0366063245422446,9254.5,8735.0,1.0332130699256243,0.346678784891244,3.058929374718855,9235.720315064591,8756.245315064592,1.0,8928.23497712562,1,NSE_EQ|INE917I01010,1.6621718525908837,9254.5,8491.5,True,False,False,True,7.179847106561283,13.166459840513843,-5.98661273395256,False,True,True,52.99295774647887,False,False,True,7.1786671676782134,13.164724636303394,-5.98605746862518,False,True,True,1,0,0.04767921406266441,0,-0.0006422758696358416,True,False,True,0,8994.75,False,0,0,True,0,0,1,2.368147362862653,1,6.849922905602193,1,True,False,True,True,False,True,False,False,Neutral,0,0,2025-02-24,,30.27
2025-12-19,TATASTEEL,169.04,171.46,169.0,169.22,23729300.0,168.98863752962197,170.19868585200618,234.06884682519828,51.06459761818839,-0.885053151160804,-1.5049064111636945,0.6198532600028903,3.256428571428574,167.4575,173.47523691646103,161.49276308353893,0.07154399126437211,173.17,160.06,1.132085251005398,0.0064964723642861,0.7261904761904692,173.64463752962197,164.33263752962196,1.0,173.14133358462703,0,NSE_EQ|INE081A01020,1.9243757070255136,186.94,160.06,False,False,False,True,-0.8428115668458247,-1.4965058912426459,0.6536943243968212,False,False,False,51.06459761818839,False,False,True,-0.842773948881586,-1.4964505707078506,0.6536766218262646,False,False,False,0,0,0.05323556850174726,0,-0.0017391956877428811,True,False,False,0,166.615,False,0,0,False,0,0,0,4.3893068969006235,0,-0.7515489649097049,0,True,False,False,True,False,True,False,False,Neutral,0,0,,,21.9
2025-12-19,NESTLEIND,1246.0,1259.9,1240.0,1257.2,880387.0,1243.335495638868,1245.3335078317111,2785.6275507995942,48.704268292682265,-5.736809115416008,-5.933454887227358,0.1966457718113492,19.85714285714289,1243.86,1284.2141364107563,1204.7858635892437,0.06382344139936727,1285.8,1205.0,0.9934571799132494,0.0479234703308891,-1.834934020457557,1272.802995638868,1213.867995638868,0.0,1241.7796399190056,1,NSE_EQ|INE239A01024,1.5794736602881714,1311.6,1145.0,False,False,False,False,-4.718197016974045,-5.7328714844787365,1.0146744675046913,True,False,True,48.704268292682976,False,False,False,-4.715726494333467,-5.729238363010849,1.0135118686773827,True,False,True,0,0,0.02559203775215338,0,0.0021390727309786098,True,False,False,0,1245.4,False,0,0,False,0,0,0,7.584504442451099,0,-0.9213512668126369,0,False,False,True,False,True,True,False,False,Neutral,0,0,,2025-03-05,19.27
2025-12-19,HDFCLIFE,766.0,769.05,759.95,761.8,767829.0,764.2856569180723,762.6861599005116,799.3612677081985,47.0341521869371,0.6998144170042906,1.84571971210036,-1.145905295096069,14.39642857142856,766.4675,783.7804627272411,748.6895372727589,0.04579655778512102,788.5,745.2,0.363283391008347,0.0295169911886129,-0.2879581151832511,785.8481569180723,742.7231569180723,0.0,756.7287713995846,0,NSE_EQ|INE795G01014,1.8897910962757365,788.5,726.0,True,False,False,False,0.3288124104593635,1.7714407432009105,-1.442628332741547,False,True,True,47.03415218693826,False,False,False,0.32887424606417426,1.7715316779123365,-1.4426574318481622,False,True,True,0,0,0.04574841444797581,0,-0.0019054020458389252,True,True,False,0,766.85,True,0,0,True,0,0,0,2.497964874180796,0,-0.22034592160474886,0,False,False,True,False,False,False,False,False,Neutral,0,0,,,8.33
2025-12-19,BAJAJFINSV,2044.1,2053.9,2037.2,2051.0,1038998.0,2058.3688753491806,2061.9374322307735,2782.0550886290357,43.75506893755044,-8.290735420563578,-4.343851528748771,-3.946883891814808,36.292857142857166,2061.155,2111.0202692479143,2012.0097307520862,0.04802804660447684,2118.0,2011.6,1.2731426127718262,0.0787094090825066,-0.06821282401091588,2113.0813753491807,2003.6563753491805,1.0,2061.4088474375253,0,NSE_EQ|INE918I01026,1.769520094727312,2195.0,1952.4,True,False,False,False,-7.717546660117023,-4.230700636659709,-3.486846023457314,False,False,True,43.755068937550654,False,False,False,-7.716376446204777,-4.2289797338770105,-3.487396712327766,False,False,True,0,0,0.05699606848901053,0,-0.0018782541550637587,True,False,False,0,2064.8,True,0,0,True,0,0,0,4.2152245453687796,0,-0.7671963677639047,0,False,False,True,False,False,False,False,False,Neutral,0,0,,2025-03-05,24.32
2025-12-19,TATAMOTORS,347.4,354.8,347.0,352.65,74052760.0,357.76368336539537,415.5219925610831,688.8814355818997,33.956834532374074,-16.736610627006257,-21.6303460643976,4.893735437391342,6.400000000000001,352.2475,364.85971099348194,339.63528900651806,0.07160993899733532,365.0,337.7,5.787608242997646,0.0135810123852363,-2.650103519668745,367.62993336539535,347.8974333653954,1.0,462.1217120088232,0,,1.8148305685523896,739.7,337.7,False,False,False,False,-16.736691617885867,-21.6304651686303,4.893773550744434,False,False,True,33.956834532374074,False,False,False,-16.736610627006257,-21.6303460643976,4.893735437391342,False,False,True,0,0,0.09496098843997368,0,-0.00624843476132974,True,False,False,0,351.35,False,0,0,False,0,0,0,-3.6450537976504527,0,-0.6845706618962433,0,False,False,True,False,False,False,False,False,Neutral,0,0,,,59.44
2025-12-19,ASIANPAINT,2785.8,2823.1,2780.3,2807.6,463953.0,2812.717564749779,2730.4999998992403,3079.874207838011,43.000466635557515,11.100613167587651,35.0202762647892,-23.919663097201543,54.292857142857166,2853.655,2996.5566346695914,2711.5233653304085,0.09987010320079007,2985.7,2746.0,0.386521657486125,0.1078278082445005,-2.3986650907321105,2886.7350647497788,2738.700064749779,1.0,2705.606003764514,1,NSE_EQ|INE021A01026,1.9337817759957674,2985.7,2308.0,False,False,False,False,11.714043864239557,35.14192774178558,-23.427883877546023,False,True,True,43.00046663555763,False,False,False,11.714858181832824,35.143125267638226,-23.428267085805402,False,True,True,0,0,0.09834773735832673,0,-0.007671034821481394,True,True,False,0,2865.85,True,0,0,False,0,0,0,14.187646268225084,0,-0.6351397011046134,0,False,False,True,False,False,False,False,False,Neutral,0,0,,2025-03-04,8.57
2025-12-23,TMPV,356.25,360.95,353.6,359.15,10798315.0,267.2251516880671,256.33816008979545,483.5805036444237,94.6785831420138,,,,10.318571428571426,,309.5023890991162,214.6266109008838,0.36203216459395454,360.95,244.0,1.3501481599966672,,45.246087273021374,279.6361516880671,254.8141516880671,,249.4744825409683,1,NSE_EQ|INE155A01022,2.873053439669059,360.95,236.0,False,True,False,True,12.61094729406716,5.820423530557525,6.7905237635096345,False,True,True,,False,False,False,0.0,0.0,0.0,False,False,False,0,0,0.05992761217633199,0,0.015724835484775126,True,False,False,0,302.475,False,0,0,False,0,0,0,5.7640468247261065,1,-0.4728460296492001,0,False,False,True,False,False,False,False,False,Overbought,0,0,,,29.3
2025-12-23,NA,26055.85,26180.7,26047.8,26172.4,,2734.3846610511087,1272.6543106745094,739.1906478867677,99.97497174197832,,,,1854.2178571428572,,13145.564733144622,-10028.759733144621,14.870564226051512,26180.7,245.62,,,10554.779351897087,4683.111911051108,785.6574110511087,,,1,NSE_INDEX|Nifty 50,7.084630592314259,26180.7,236.0,False,True,False,True,2077.4866689570435,420.15367261585476,1657.3329963411888,False,True,True,,False,False,False,0.0,0.0,0.0,False,False,False,1,0,0.05992761217633199,0,0.7410969304770882,True,False,True,0,13213.16,False,0,0,False,0,0,0,6.200258783455111,1,37.84298011279312,1,False,False,True,False,False,False,False,False,Overbought,1,0,2025-12-23,,62.91
